,ID,E_Brent,D_BAS,D_PLANTA,D_caso,D_Capex,D_P_ANN2,D_P_AN4,D_P_CAP3,D_P_CAPS3,D_P_CAP3E,D_PW_ANN2,D_PW_AN4,D_W_AN2,D_W_Bas,D_W_Bas_2ST,VPN_Basica,VPN_incremental,VPN_Total,EFI_INCREMENTAL,capex,opex_basica,opex_incremental,volumen_B_LE,volumen_I_LE,volumen_T_LE,LE_year_b,lc_b,dc_b,opex_ing_b,capex_ing_b,impuesto_ing_b,ingreso_ing_b,abandono_ing_b
0,0,40,7M,1,1_Bajo,PAREX,1,0,0,0,0,0,0,0,0,0,0,-1294.4494,-1294.4494,0.0,21012,0,3997.5617,0.0,0.25295804625630053,0.25295804625630053,2026.0,2.5688,26.3513,775.3478,9106.4345,0,8832.0027,328.87
1,1,50,7M,1,1_Bajo,PAREX,1,0,0,0,0,0,0,0,0,0,0,386.6578,386.6578,0.04246186779156068,21012,0,3997.5617,0.0,0.25295804625630053,0.25295804625630053,2026.0,2.5688,26.3513,775.3478,9106.4345,0,10513.1098,328.87
2,2,60,7M,1,1_Bajo,PAREX,1,0,0,0,0,0,0,0,0,0,0,2067.7649,2067.7649,0.2270771901721489,21012,0,3997.5617,0.0,0.25295804625630053,0.25295804625630053,2026.0,2.5688,26.3513,775.3478,9106.4345,0,12194.2169,328.87
3,3,70,7M,1,1_Bajo,PAREX,1,0,0,0,0,0,0,0,0,0,0,3748.872,3748.872,0.41169251255273726,21012,0,3997.5617,0.0,0.25295804625630053,0.25295804625630053,2026.0,2.5688,26.3513,775.3478,9106.4345,0,13875.3241,328.87
4,4,80,7M,1,1_Bajo,PAREX,1,0,0,0,0,0,0,0,0,0,0,5429.9791,5429.9791,0.5963078349333256,21012,0,3997.5617,0.0,0.25295804625630053,0.25295804625630053,2026.0,2.5688,26.3513,775.3478,9106.4345,0,15556.4312,328.87
5,5,90,7M,1,1_Bajo,PAREX,1,0,0,0,0,0,0,0,0,0,0,7056.3162,7056.3162,0.7809231573139136,21012,0,3997.5617,0.0,0.25295804625630053,0.25295804625630053,2026.0,2.5688,26.3513,775.3478,9106.4345,54.7701,17237.5383,328.87
6,6,100,7M,1,1_Bajo,PAREX,1,0,0,0,0,0,0,0,0,0,0,8261.3012,8261.3012,0.9655384796945021,21012,0,3997.5617,0.0,0.25295804625630053,0.25295804625630053,2026.0,2.5688,26.3513,775.3478,9106.4345,530.8922,18918.6454,328.87
7,7,40,7M,1,1_Bajo,ECP,1,0,0,0,0,0,0,0,0,0,0,-203.1681,-203.1681,0.0,18494,0,3997.5617,0.0,0.25295804625630053,0.25295804625630053,2026.0,2.5688,23.1934,775.3478,8015.1532,0,8832.0027,328.87
8,8,50,7M,1,1_Bajo,ECP,1,0,0,0,0,0,0,0,0,0,0,1477.939,1477.939,0.1843966363955252,18494,0,3997.5617,0.0,0.25295804625630053,0.25295804625630053,2026.0,2.5688,23.1934,775.3478,8015.1532,0,10513.1098,328.87
9,9,60,7M,1,1_Bajo,ECP,1,0,0,0,0,0,0,0,0,0,0,3159.0462,3159.0462,0.39414175499785037,18494,0,3997.5617,0.0,0.25295804625630053,0.25295804625630053,2026.0,2.5688,23.1934,775.3478,8015.1532,0,12194.2169,328.87
10,10,70,7M,1,1_Bajo,ECP,1,0,0,0,0,0,0,0,0,0,0,4840.1533,4840.1533,0.6038868736001757,18494,0,3997.5617,0.0,0.25295804625630053,0.25295804625630053,2026.0,2.5688,23.1934,775.3478,8015.1532,0,13875.3241,328.87
11,11,80,7M,1,1_Bajo,ECP,1,0,0,0,0,0,0,0,0,0,0,6387.5659,6387.5659,0.813631992202501,18494,0,3997.5617,0.0,0.25295804625630053,0.25295804625630053,2026.0,2.5688,23.1934,775.3478,8015.1532,133.6945,15556.4312,328.87
12,12,90,7M,1,1_Bajo,ECP,1,0,0,0,0,0,0,0,0,0,0,7586.1077,7586.1077,1.0233771108048262,18494,0,3997.5617,0.0,0.25295804625630053,0.25295804625630053,2026.0,2.5688,23.1934,775.3478,8015.1532,616.2599,17237.5383,328.87
13,13,100,7M,1,1_Bajo,ECP,1,0,0,0,0,0,0,0,0,0,0,8784.6495,8784.6495,1.2331222294071513,18494,0,3997.5617,0.0,0.25295804625630053,0.25295804625630053,2026.0,2.5688,23.1934,775.3478,8015.1532,1098.8252,18918.6454,328.87
14,14,40,7M,1,1_Bajo,PAREX,0,1,0,0,0,0,0,0,0,0,0,-4850.4841,-4850.4841,0.0,22512,0,2108.3144,0.0,0.1009297309255093,0.1009297309255093,2026.0,3.3921,44.7079,645.9597,8869.566,156.1076,5055.5171,328.87
15,15,50,7M,1,1_Bajo,PAREX,0,1,0,0,0,0,0,0,0,0,0,-4436.7866,-4436.7866,0.0,22512,0,2108.3144,0.0,0.1009297309255093,0.1009297309255093,2026.0,3.3921,44.7079,645.9597,8869.566,173.6769,5486.7838,328.87
16,16,60,7M,1,1_Bajo,PAREX,0,1,0,0,0,0,0,0,0,0,0,-4023.0892,-4023.0892,0.0,22512,0,2108.3144,0.0,0.1009297309255093,0.1009297309255093,2026.0,3.3921,44.7079,645.9597,8869.566,191.2461,5918.0505,328.87
17,17,70,7M,1,1_Bajo,PAREX,0,1,0,0,0,0,0,0,0,0,0,-3609.3917,-3609.3917,0.0,22512,0,2108.3144,0.0,0.1009297309255093,0.1009297309255093,2026.0,3.3921,44.7079,645.9597,8869.566,208.8153,6349.3172,328.87
18,18,80,7M,1,1_Bajo,PAREX,0,1,0,0,0,0,0,0,0,0,0,-3195.6943,-3195.6943,0.0,22512,0,2108.3144,0.0,0.1009297309255093,0.1009297309255093,2026.0,3.3921,44.7079,645.9597,8869.566,226.3845,6780.5838,328.87
19,19,90,7M,1,1_Bajo,PAREX,0,1,0,0,0,0,0,0,0,0,0,-2781.9968,-2781.9968,0.0,22512,0,2108.3144,0.0,0.1009297309255093,0.1009297309255093,2026.0,3.3921,44.7079,645.9597,8869.566,243.9538,7211.8505,328.87
20,20,100,7M,1,1_Bajo,PAREX,0,1,0,0,0,0,0,0,0,0,0,-2368.2994,-2368.2994,0.0,22512,0,2108.3144,0.0,0.1009297309255093,0.1009297309255093,2026.0,3.3921,44.7079,645.9597,8869.566,261.523,7643.1172,328.87
21,21,40,7M,1,1_Bajo,ECP,0,1,0,0,0,0,0,0,0,0,0,-3747.3042,-3747.3042,0.0,19712,0,2108.3144,0.0,0.1009297309255093,0.1009297309255093,2026.0,3.3921,39.1472,645.9597,7766.3862,156.1076,5055.5171,328.87
22,22,50,7M,1,1_Bajo,ECP,0,1,0,0,0,0,0,0,0,0,0,-3333.6068,-3333.6068,0.0,19712,0,2108.3144,0.0,0.1009297309255093,0.1009297309255093,2026.0,3.3921,39.1472,645.9597,7766.3862,173.6769,5486.7838,328.87
23,23,60,7M,1,1_Bajo,ECP,0,1,0,0,0,0,0,0,0,0,0,-2919.9093,-2919.9093,0.0,19712,0,2108.3144,0.0,0.1009297309255093,0.1009297309255093,2026.0,3.3921,39.1472,645.9597,7766.3862,191.2461,5918.0505,328.87
24,24,70,7M,1,1_Bajo,ECP,0,1,0,0,0,0,0,0,0,0,0,-2506.2119,-2506.2119,0.0,19712,0,2108.3144,0.0,0.1009297309255093,0.1009297309255093,2026.0,3.3921,39.1472,645.9597,7766.3862,208.8153,6349.3172,328.87
25,25,80,7M,1,1_Bajo,ECP,0,1,0,0,0,0,0,0,0,0,0,-2092.5144,-2092.5144,0.0,19712,0,2108.3144,0.0,0.1009297309255093,0.1009297309255093,2026.0,3.3921,39.1472,645.9597,7766.3862,226.3845,6780.5838,328.87
26,26,90,7M,1,1_Bajo,ECP,0,1,0,0,0,0,0,0,0,0,0,-1678.817,-1678.817,0.0,19712,0,2108.3144,0.0,0.1009297309255093,0.1009297309255093,2026.0,3.3921,39.1472,645.9597,7766.3862,243.9538,7211.8505,328.87
27,27,100,7M,1,1_Bajo,ECP,0,1,0,0,0,0,0,0,0,0,0,-1265.1195,-1265.1195,0.0,19712,0,2108.3144,0.0,0.1009297309255093,0.1009297309255093,2026.0,3.3921,39.1472,645.9597,7766.3862,261.523,7643.1172,328.87
28,28,40,7M,1,1_Bajo,PAREX,0,0,1,0,0,0,0,0,0,0,0,-2003.9992,-2003.9992,0.0,21012,0,4618.0201,0.0,0.2680308165506416,0.2680308165506416,2028.0,4.6234,27.4887,1216.1005,6841.799,1935.429,8400.168,470.9292
29,29,50,7M,1,1_Bajo,PAREX,0,0,1,0,0,0,0,0,0,0,0,-638.1378,-638.1378,0.25717785815580985,21012,0,4618.0201,0.0,0.2680308165506416,0.2680308165506416,2028.0,4.6234,27.4887,1216.1005,6841.799,2397.7488,10228.349,470.9292
30,30,60,7M,1,1_Bajo,PAREX,0,0,1,0,0,0,0,0,0,0,0,727.7235,727.7235,0.5243776641213213,21012,0,4618.0201,0.0,0.2680308165506416,0.2680308165506416,2028.0,4.6234,27.4887,1216.1005,6841.799,2860.0685,12056.5301,470.9292
31,31,70,7M,1,1_Bajo,PAREX,0,0,1,0,0,0,0,0,0,0,0,2154.1858,2154.1858,0.8004346749248293,21012,0,4618.0201,0.0,0.2729743770181104,0.2729743770181104,2029.0,5.3115,26.9908,1363.0924,6841.799,3322.3883,14048.7822,428.1174
32,32,80,7M,1,1_Bajo,PAREX,0,0,1,0,0,0,0,0,0,0,0,2154.1858,2154.1858,1.070791892559294,21012,0,4618.0201,0.0,0.2729743770181104,0.2729743770181104,2029.0,5.3115,26.9908,1363.0924,6841.799,3322.3883,15898.5663,428.1174
33,33,90,7M,1,1_Bajo,PAREX,0,0,1,0,0,0,0,0,0,0,0,4929.1145,4929.1145,1.341149110193759,21012,0,4618.0201,0.0,0.2729743770181104,0.2729743770181104,2029.0,5.3115,26.9908,1363.0924,6841.799,4247.0278,17748.3504,428.1174
34,34,100,7M,1,1_Bajo,PAREX,0,0,1,0,0,0,0,0,0,0,0,6316.5788,6316.5788,1.6115063278282231,21012,0,4618.0201,0.0,0.2729743770181104,0.2729743770181104,2029.0,5.3115,26.9908,1363.0924,6841.799,4709.3475,19598.1345,428.1174
35,35,40,7M,1,1_Bajo,ECP,0,0,1,0,0,0,0,0,0,0,0,6316.5788,6316.5788,0.0,21818,0,4618.0201,0.0,0.2680308165506416,0.2680308165506416,2028.0,4.6234,28.5431,1216.1005,7104.2438,4709.3475,8400.168,470.9292
36,36,50,7M,1,1_Bajo,ECP,0,0,1,0,0,0,0,0,0,0,0,6316.5788,6316.5788,0.21074973410928227,21818,0,4618.0201,0.0,0.2680308165506416,0.2680308165506416,2028.0,4.6234,28.5431,1216.1005,7104.2438,4709.3475,10228.349,470.9292
37,37,60,7M,1,1_Bajo,ECP,0,0,1,0,0,0,0,0,0,0,0,465.2787,465.2787,0.4680950427264035,21818,0,4618.0201,0.0,0.2680308165506416,0.2680308165506416,2028.0,4.6234,28.5431,1216.1005,7104.2438,2860.0685,12056.5301,470.9292
38,38,70,7M,1,1_Bajo,ECP,0,0,1,0,0,0,0,0,0,0,0,1891.741,1891.741,0.7339708968814713,21818,0,4618.0201,0.0,0.2729743770181104,0.2729743770181104,2029.0,5.3115,28.0262,1363.0924,7104.2438,3322.3883,14048.7822,428.1174
39,39,80,7M,1,1_Bajo,ECP,0,0,1,0,0,0,0,0,0,0,0,3279.2053,3279.2053,0.9943571698340344,21818,0,4618.0201,0.0,0.2729743770181104,0.2729743770181104,2029.0,5.3115,28.0262,1363.0924,7104.2438,3784.708,15898.5663,428.1174
40,40,90,7M,1,1_Bajo,ECP,0,0,1,0,0,0,0,0,0,0,0,4666.6697,4666.6697,1.2547434427865973,21818,0,4618.0201,0.0,0.2729743770181104,0.2729743770181104,2029.0,5.3115,28.0262,1363.0924,7104.2438,4247.0278,17748.3504,428.1174
41,41,100,7M,1,1_Bajo,ECP,0,0,1,0,0,0,0,0,0,0,0,6054.134,6054.134,1.51512971573916,21818,0,4618.0201,0.0,0.2729743770181104,0.2729743770181104,2029.0,5.3115,28.0262,1363.0924,7104.2438,4709.3475,19598.1345,428.1174
42,42,40,7M,1,1_Bajo,PAREX,0,0,0,1,0,0,0,0,0,0,0,-3811.2273,-3811.2273,0.0,21012,0,13174.2831,0.0,0.23083677459722113,0.23083677459722113,2026.0,4.0202,34.8568,975.5656,10017.078,0,7713.1075,569.8243
43,43,50,7M,1,1_Bajo,PAREX,0,0,0,1,0,0,0,0,0,0,0,-1937.1361,-1937.1361,0.0,21012,0,13174.2831,0.0,0.23083677459722113,0.23083677459722113,2026.0,4.0202,34.8568,975.5656,10017.078,0,9587.1987,569.8243
44,44,60,7M,1,1_Bajo,PAREX,0,0,0,1,0,0,0,0,0,0,0,-63.0449,-63.0449,0.0,21012,0,13174.2831,0.0,0.23083677459722113,0.23083677459722113,2026.0,4.0202,34.8568,975.5656,10017.078,0,11461.2899,569.8243
45,45,70,7M,1,1_Bajo,PAREX,0,0,0,1,0,0,0,0,0,0,0,1811.0463,1811.0463,0.1807972701862254,21012,0,13174.2831,0.0,0.23083677459722113,0.23083677459722113,2026.0,4.0202,34.8568,975.5656,10017.078,0,13335.381,569.8243
46,46,80,7M,1,1_Bajo,PAREX,0,0,0,1,0,0,0,0,0,0,0,3685.1374,3685.1374,0.36788833434703966,21012,0,13174.2831,0.0,0.23083677459722113,0.23083677459722113,2026.0,4.0202,34.8568,975.5656,10017.078,0,15209.4722,569.8243
47,47,90,7M,1,1_Bajo,PAREX,0,0,0,1,0,0,0,0,0,0,0,5619.9658,5619.9658,0.5610428119263993,21012,0,13174.2831,0.0,0.23351428221633153,0.23351428221633153,2027.0,4.6715,34.4571,1101.4636,10017.078,0,17218.0961,518.0221
48,48,100,7M,1,1_Bajo,PAREX,0,0,0,1,0,0,0,0,0,0,0,7448.466,7448.466,0.7496072136742339,21012,0,13174.2831,0.0,0.23351428221633153,0.23351428221633153,2027.0,4.6715,34.4571,1101.4636,10017.078,60.3495,19106.9457,518.0221
49,49,40,7M,1,1_Bajo,ECP,0,0,0,1,0,0,0,0,0,0,0,-3065.6196,-3065.6196,0.0,19448,0,13174.2831,0.0,0.23083677459722113,0.23083677459722113,2026.0,4.0202,32.2623,975.5656,9271.4702,0,7713.1075,569.8243
50,50,50,7M,1,1_Bajo,ECP,0,0,0,1,0,0,0,0,0,0,0,-1191.5284,-1191.5284,0.0,19448,0,13174.2831,0.0,0.23083677459722113,0.23083677459722113,2026.0,4.0202,32.2623,975.5656,9271.4702,0,9587.1987,569.8243
51,51,60,7M,1,1_Bajo,ECP,0,0,0,1,0,0,0,0,0,0,0,682.5628,682.5628,0.07362342903102105,19448,0,13174.2831,0.0,0.23083677459722113,0.23083677459722113,2026.0,4.0202,32.2623,975.5656,9271.4702,0,11461.2899,569.8243
52,52,70,7M,1,1_Bajo,ECP,0,0,0,1,0,0,0,0,0,0,0,2556.654,2556.654,0.2757689569890489,19448,0,13174.2831,0.0,0.23083677459722113,0.23083677459722113,2026.0,4.0202,32.2623,975.5656,9271.4702,0,13335.381,569.8243
53,53,80,7M,1,1_Bajo,ECP,0,0,0,1,0,0,0,0,0,0,0,4430.7452,4430.7452,0.47791448494707683,19448,0,13174.2831,0.0,0.23083677459722113,0.23083677459722113,2026.0,4.0202,32.2623,975.5656,9271.4702,0,15209.4722,569.8243
54,54,90,7M,1,1_Bajo,ECP,0,0,0,1,0,0,0,0,0,0,0,6365.5736,6365.5736,0.6866113247607372,19448,0,13174.2831,0.0,0.23351428221633153,0.23351428221633153,2027.0,4.6715,31.8924,1101.4636,9271.4702,0,17218.0961,518.0221
55,55,100,7M,1,1_Bajo,ECP,0,0,0,1,0,0,0,0,0,0,0,7838.0216,7838.0216,0.8903487438426118,19448,0,13174.2831,0.0,0.23351428221633153,0.23351428221633153,2027.0,4.6715,31.8924,1101.4636,9271.4702,416.4016,19106.9457,518.0221
56,56,40,7M,1,1_Bajo,PAREX,0,0,0,0,1,0,0,0,0,0,0,-3740.5384,-3740.5384,0.0,21012,0,7172.1704,0.0,0.24669486203946137,0.24669486203946137,2030.0,6.7767,29.8661,1510.4161,9106.4345,0,7213.9052,389.1977
57,57,50,7M,1,1_Bajo,PAREX,0,0,0,0,1,0,0,0,0,0,0,-2116.2034,-2116.2034,0.0,21012,0,7172.1704,0.0,0.25360488458404373,0.25360488458404373,2031.0,7.423,29.0523,1631.9126,9106.4345,0,8923.5348,353.8161
58,58,60,7M,1,1_Bajo,PAREX,0,0,0,0,1,0,0,0,0,0,0,-487.6789,-487.6789,0.0,21012,0,7172.1704,0.0,0.2587536698565387,0.2587536698565387,2032.0,8.091,28.4742,1742.5536,9106.4345,0,10629.9796,321.651
59,59,70,7M,1,1_Bajo,PAREX,0,0,0,0,1,0,0,0,0,0,0,1124.1884,1124.1884,0.12345579165443175,21012,0,7172.1704,0.0,0.2587536698565387,0.2587536698565387,2032.0,8.091,28.4742,1742.5536,9106.4345,0,12241.8469,321.651
60,60,80,7M,1,1_Bajo,PAREX,0,0,0,0,1,0,0,0,0,0,0,2736.0558,2736.0558,0.3004673627014103,21012,0,7172.1704,0.0,0.2587536698565387,0.2587536698565387,2032.0,8.091,28.4742,1742.5536,9106.4345,0,13853.7143,321.651
61,61,90,7M,1,1_Bajo,PAREX,0,0,0,0,1,0,0,0,0,0,0,4363.6347,4363.6347,0.4816329635250077,21012,0,7172.1704,0.0,0.2625459707171147,0.2625459707171147,2033.0,8.7765,28.0629,1842.9434,9106.4345,22.1151,15574.1851,292.41
62,62,100,7M,1,1_Bajo,PAREX,0,0,0,0,1,0,0,0,0,0,0,5631.1954,5631.1954,0.6598875566063722,21012,0,7172.1704,0.0,0.2625459707171147,0.2625459707171147,2033.0,8.7765,28.0629,1842.9434,9106.4345,377.7407,17197.3714,292.41
63,63,40,7M,1,1_Bajo,ECP,0,0,0,0,1,0,0,0,0,0,0,-2180.3269,-2180.3269,0.0,17412,0,7172.1704,0.0,0.24669486203946137,0.24669486203946137,2030.0,6.7767,24.7491,1510.4161,7546.223,0,7213.9052,389.1977
64,64,50,7M,1,1_Bajo,ECP,0,0,0,0,1,0,0,0,0,0,0,-555.9919,-555.9919,0.0,17412,0,7172.1704,0.0,0.25360488458404373,0.25360488458404373,2031.0,7.423,24.0748,1631.9126,7546.223,0,8923.5348,353.8161
65,65,60,7M,1,1_Bajo,ECP,0,0,0,0,1,0,0,0,0,0,0,1072.5326,1072.5326,0.14213259773735384,17412,0,7172.1704,0.0,0.2587536698565387,0.2587536698565387,2032.0,8.091,23.5957,1742.5536,7546.223,0,10629.9796,321.651
66,66,70,7M,1,1_Bajo,ECP,0,0,0,0,1,0,0,0,0,0,0,2684.3999,2684.3999,0.3557381325841321,17412,0,7172.1704,0.0,0.2587536698565387,0.2587536698565387,2032.0,8.091,23.5957,1742.5536,7546.223,0,12241.8469,321.651
67,67,80,7M,1,1_Bajo,ECP,0,0,0,0,1,0,0,0,0,0,0,4145.0725,4145.0725,0.5693436674309101,17412,0,7172.1704,0.0,0.2587536698565387,0.2587536698565387,2032.0,8.091,23.5957,1742.5536,7546.223,151.1948,13853.7143,321.651
68,68,90,7M,1,1_Bajo,ECP,0,0,0,0,1,0,0,0,0,0,0,5338.4452,5338.4452,0.7879620031186488,17412,0,7172.1704,0.0,0.2625459707171147,0.2625459707171147,2033.0,8.7765,23.2549,1842.9434,7546.223,607.5161,15574.1851,292.41
69,69,100,7M,1,1_Bajo,ECP,0,0,0,0,1,0,0,0,0,0,0,6509.5148,6509.5148,1.0030675324850555,17412,0,7172.1704,0.0,0.2625459707171147,0.2625459707171147,2033.0,8.7765,23.2549,1842.9434,7546.223,1059.6328,17197.3714,292.41
70,70,40,7M,1,1_Bajo,PAREX,1,0,0,0,0,1,0,0,0,0,0,-452.6377,-452.6377,0.0,23599,0,4247.2336,0.0,0.31165669462037815,0.31165669462037815,2034.0,2.6885,20.8207,1042.1786,9872.2192,0,10496.9589,153.4203
71,71,50,7M,1,1_Bajo,PAREX,1,0,0,0,0,1,0,0,0,0,0,1337.2624,1337.2624,0.13546012777400399,23599,0,4247.2336,0.0,0.31165669462037815,0.31165669462037815,2034.0,2.6885,20.8207,1042.1786,9872.2192,0,12286.859,153.4203
72,72,60,7M,1,1_Bajo,PAREX,1,0,0,0,0,1,0,0,0,0,0,3105.732,3105.732,0.3167709148697442,23599,0,4247.2336,0.0,0.31165669462037815,0.31165669462037815,2034.0,2.6885,20.8207,1042.1786,9872.2192,21.4305,14076.7591,153.4203
73,73,70,7M,1,1_Bajo,PAREX,1,0,0,0,0,1,0,0,0,0,0,4428.7086,4428.7086,0.49808170196548457,23599,0,4247.2336,0.0,0.31165669462037815,0.31165669462037815,2034.0,2.6885,20.8207,1042.1786,9872.2192,488.354,15866.6592,153.4203
74,74,80,7M,1,1_Bajo,PAREX,1,0,0,0,0,1,0,0,0,0,0,5731.8492,5731.8492,0.6793924890612251,23599,0,4247.2336,0.0,0.31165669462037815,0.31165669462037815,2034.0,2.6885,20.8207,1042.1786,9872.2192,975.1135,17656.5592,153.4203
75,75,90,7M,1,1_Bajo,PAREX,1,0,0,0,0,1,0,0,0,0,0,7017.4171,7017.4171,0.860703276156965,23599,0,4247.2336,0.0,0.31165669462037815,0.31165669462037815,2034.0,2.6885,20.8207,1042.1786,9872.2192,1479.4456,19446.4593,153.4203
76,76,100,7M,1,1_Bajo,PAREX,1,0,0,0,0,1,0,0,0,0,0,8302.9851,8302.9851,1.0420140632527055,23599,0,4247.2336,0.0,0.31165669462037815,0.31165669462037815,2034.0,2.6885,20.8207,1042.1786,9872.2192,1983.7778,21236.3594,153.4203
77,77,40,7M,1,1_Bajo,ECP,1,0,0,0,0,1,0,0,0,0,0,-577.0212,-577.0212,0.0,23886,0,4247.2336,0.0,0.31165669462037815,0.31165669462037815,2034.0,2.6885,21.0739,1042.1786,9996.6027,0,10496.9589,153.4203
78,78,50,7M,1,1_Bajo,ECP,1,0,0,0,0,1,0,0,0,0,0,1212.8789,1212.8789,0.12132428255446831,23886,0,4247.2336,0.0,0.31165669462037815,0.31165669462037815,2034.0,2.6885,21.0739,1042.1786,9996.6027,0,12286.859,153.4203
79,79,60,7M,1,1_Bajo,ECP,1,0,0,0,0,1,0,0,0,0,0,3002.7789,3002.7789,0.3003680046920243,23886,0,4247.2336,0.0,0.31165669462037815,0.31165669462037815,2034.0,2.6885,21.0739,1042.1786,9996.6027,0,14076.7591,153.4203
80,80,70,7M,1,1_Bajo,ECP,1,0,0,0,0,1,0,0,0,0,0,4349.8648,4349.8648,0.4794117268295805,23886,0,4247.2336,0.0,0.31165669462037815,0.31165669462037815,2034.0,2.6885,21.0739,1042.1786,9996.6027,442.8142,15866.6592,153.4203
81,81,80,7M,1,1_Bajo,ECP,1,0,0,0,0,1,0,0,0,0,0,5655.0595,5655.0595,0.6584554489671368,23886,0,4247.2336,0.0,0.31165669462037815,0.31165669462037815,2034.0,2.6885,21.0739,1042.1786,9996.6027,927.5196,17656.5592,153.4203
82,82,90,7M,1,1_Bajo,ECP,1,0,0,0,0,1,0,0,0,0,0,6940.6275,6940.6275,0.8374991711046924,23886,0,4247.2336,0.0,0.31165669462037815,0.31165669462037815,2034.0,2.6885,21.0739,1042.1786,9996.6027,1431.8517,19446.4593,153.4203
83,83,100,7M,1,1_Bajo,ECP,1,0,0,0,0,1,0,0,0,0,0,8226.1954,8226.1954,1.0165428932422487,23886,0,4247.2336,0.0,0.31165669462037815,0.31165669462037815,2034.0,2.6885,21.0739,1042.1786,9996.6027,1936.1839,21236.3594,153.4203
84,84,40,7M,1,1_Bajo,PAREX,0,1,0,0,0,0,1,0,0,0,0,-1187.1705,-1187.1705,0.0,24529,0,3386.4096,0.0,0.3452357095383748,0.3452357095383748,2031.0,3.0267,21.9236,1065.1555,9526.3293,156.1076,9651.694,204.2024
85,85,50,7M,1,1_Bajo,PAREX,0,1,0,0,0,0,1,0,0,0,0,392.537,392.537,0.059438787005286,24529,0,3386.4096,0.0,0.3452357095383748,0.3452357095383748,2031.0,3.0267,21.9236,1065.1555,9526.3293,173.6769,11248.9707,204.2024
86,86,60,7M,1,1_Bajo,PAREX,0,1,0,0,0,0,1,0,0,0,0,1972.2445,1972.2445,0.22711428010471427,24529,0,3386.4096,0.0,0.3452357095383748,0.3452357095383748,2031.0,3.0267,21.9236,1065.1555,9526.3293,191.2461,12846.2475,204.2024
87,87,70,7M,1,1_Bajo,PAREX,0,1,0,0,0,0,1,0,0,0,0,3551.9521,3551.9521,0.39478977320414227,24529,0,3386.4096,0.0,0.3452357095383748,0.3452357095383748,2031.0,3.0267,21.9236,1065.1555,9526.3293,208.8153,14443.5242,204.2024
88,88,80,7M,1,1_Bajo,PAREX,0,1,0,0,0,0,1,0,0,0,0,5106.8975,5106.8975,0.5624652663035706,24529,0,3386.4096,0.0,0.3452357095383748,0.3452357095383748,2031.0,3.0267,21.9236,1065.1555,9526.3293,251.1466,16040.801,204.2024
89,89,90,7M,1,1_Bajo,PAREX,0,1,0,0,0,0,1,0,0,0,0,6287.568,6287.568,0.7301407594029988,24529,0,3386.4096,0.0,0.3452357095383748,0.3452357095383748,2031.0,3.0267,21.9236,1065.1555,9526.3293,667.7529,17638.0777,204.2024
90,90,100,7M,1,1_Bajo,PAREX,0,1,0,0,0,0,1,0,0,0,0,7454.9567,7454.9567,0.8978162525024268,24529,0,3386.4096,0.0,0.3452357095383748,0.3452357095383748,2031.0,3.0267,21.9236,1065.1555,9526.3293,1097.6409,19235.3545,204.2024
91,91,40,7M,1,1_Bajo,ECP,0,1,0,0,0,0,1,0,0,0,0,187.8644,187.8644,0.04219997900249235,21039,0,3386.4096,0.0,0.3452357095383748,0.3452357095383748,2031.0,3.0267,18.8043,1065.1555,8151.2944,156.1076,9651.694,204.2024
92,92,50,7M,1,1_Bajo,ECP,0,1,0,0,0,0,1,0,0,0,0,1767.5719,1767.5719,0.23816081169359213,21039,0,3386.4096,0.0,0.3452357095383748,0.3452357095383748,2031.0,3.0267,18.8043,1065.1555,8151.2944,173.6769,11248.9707,204.2024
93,93,60,7M,1,1_Bajo,ECP,0,1,0,0,0,0,1,0,0,0,0,3347.2794,3347.2794,0.4341216443846917,21039,0,3386.4096,0.0,0.3452357095383748,0.3452357095383748,2031.0,3.0267,18.8043,1065.1555,8151.2944,191.2461,12846.2475,204.2024
94,94,70,7M,1,1_Bajo,ECP,0,1,0,0,0,0,1,0,0,0,0,4799.7474,4799.7474,0.6300824770757913,21039,0,3386.4096,0.0,0.3452357095383748,0.3452357095383748,2031.0,3.0267,18.8043,1065.1555,8151.2944,336.0549,14443.5242,204.2024
95,95,80,7M,1,1_Bajo,ECP,0,1,0,0,0,0,1,0,0,0,0,5967.1937,5967.1937,0.8260433097668909,21039,0,3386.4096,0.0,0.3452357095383748,0.3452357095383748,2031.0,3.0267,18.8043,1065.1555,8151.2944,765.8853,16040.801,204.2024
96,96,90,7M,1,1_Bajo,ECP,0,1,0,0,0,0,1,0,0,0,0,7134.2579,7134.2579,1.0220041424579906,21039,0,3386.4096,0.0,0.3452357095383748,0.3452357095383748,2031.0,3.0267,18.8043,1065.1555,8151.2944,1196.0978,17638.0777,204.2024
97,97,100,7M,1,1_Bajo,ECP,0,1,0,0,0,0,1,0,0,0,0,8273.5034,8273.5034,1.21796497514909,21039,0,3386.4096,0.0,0.3452357095383748,0.3452357095383748,2031.0,3.0267,18.8043,1065.1555,8151.2944,1654.1291,19235.3545,204.2024
98,98,40,7M,1,1_Bajo,PAREX,0,0,0,0,0,0,0,1,0,0,0,560.3164,560.3164,0.22293831568559466,10667,0,411.2222,0.0,0.10351102521603778,0.10351102521603778,2028.0,0.6018,20.6559,97.4501,3473.3234,213.9484,4265.3073,0
99,99,50,7M,1,1_Bajo,PAREX,0,0,0,0,0,0,0,1,0,0,0,906.5172,906.5172,0.3279530375886077,10667,0,411.2222,0.0,0.10388545972966338,0.10388545972966338,2029.0,0.6969,20.5815,109.7801,3473.3234,232.4637,4642.1301,0
100,100,60,7M,1,1_Bajo,PAREX,0,0,0,0,0,0,0,1,0,0,0,1252.878,1252.878,0.43301380788156163,10667,0,411.2222,0.0,0.10388545972966338,0.10388545972966338,2029.0,0.6969,20.5815,109.7801,3473.3234,250.979,5007.0062,0
101,101,70,7M,1,1_Bajo,PAREX,0,0,0,0,0,0,0,1,0,0,0,1599.2388,1599.2388,0.5380745781745158,10667,0,411.2222,0.0,0.10388545972966338,0.10388545972966338,2029.0,0.6969,20.5815,109.7801,3473.3234,269.4943,5371.8822,0
102,102,80,7M,1,1_Bajo,PAREX,0,0,0,0,0,0,0,1,0,0,0,1945.5995,1945.5995,0.6431353484674698,10667,0,411.2222,0.0,0.10388545972966338,0.10388545972966338,2029.0,0.6969,20.5815,109.7801,3473.3234,288.0095,5736.7583,0
103,103,90,7M,1,1_Bajo,PAREX,0,0,0,0,0,0,0,1,0,0,0,2291.9603,2291.9603,0.7481961187604236,10667,0,411.2222,0.0,0.10388545972966338,0.10388545972966338,2029.0,0.6969,20.5815,109.7801,3473.3234,306.5248,6101.6343,0
104,104,100,7M,1,1_Bajo,PAREX,0,0,0,0,0,0,0,1,0,0,0,2638.3211,2638.3211,0.8532568890533777,10667,0,411.2222,0.0,0.10388545972966338,0.10388545972966338,2029.0,0.6969,20.5815,109.7801,3473.3234,325.0401,6466.5104,0
105,105,40,7M,1,1_Bajo,ECP,0,0,0,0,0,0,0,1,0,0,0,367.2273,367.2273,0.15853129686449255,11260,0,411.2222,0.0,0.10351102521603778,0.10351102521603778,2028.0,0.6018,21.8042,97.4501,3666.4124,213.9484,4265.3073,0
106,106,50,7M,1,1_Bajo,ECP,0,0,0,0,0,0,0,1,0,0,0,713.4282,713.4282,0.25801742047855813,11260,0,411.2222,0.0,0.10388545972966338,0.10388545972966338,2029.0,0.6969,21.7257,109.7801,3666.4124,232.4637,4642.1301,0
107,107,60,7M,1,1_Bajo,ECP,0,0,0,0,0,0,0,1,0,0,0,1059.7889,1059.7889,0.357547168221992,11260,0,411.2222,0.0,0.10388545972966338,0.10388545972966338,2029.0,0.6969,21.7257,109.7801,3666.4124,250.979,5007.0062,0
108,108,70,7M,1,1_Bajo,ECP,0,0,0,0,0,0,0,1,0,0,0,1406.1497,1406.1497,0.4570769159654262,11260,0,411.2222,0.0,0.10388545972966338,0.10388545972966338,2029.0,0.6969,21.7257,109.7801,3666.4124,269.4943,5371.8822,0
109,109,80,7M,1,1_Bajo,ECP,0,0,0,0,0,0,0,1,0,0,0,1752.5105,1752.5105,0.5566066637088602,11260,0,411.2222,0.0,0.10388545972966338,0.10388545972966338,2029.0,0.6969,21.7257,109.7801,3666.4124,288.0095,5736.7583,0
110,110,90,7M,1,1_Bajo,ECP,0,0,0,0,0,0,0,1,0,0,0,2098.8713,2098.8713,0.6561364114522941,11260,0,411.2222,0.0,0.10388545972966338,0.10388545972966338,2029.0,0.6969,21.7257,109.7801,3666.4124,306.5248,6101.6343,0
111,111,100,7M,1,1_Bajo,ECP,0,0,0,0,0,0,0,1,0,0,0,2445.232,2445.232,0.7556661591957283,11260,0,411.2222,0.0,0.10388545972966338,0.10388545972966338,2029.0,0.6969,21.7257,109.7801,3666.4124,325.0401,6466.5104,0
112,112,40,7M,1,1_Bajo,PAREX,0,0,0,0,0,0,0,0,1,0,0,6291.5414,6291.5414,3.643035773426425,7469,0,717.4297,0.0,0.25852842764312145,0.25852842764312145,2032.0,0.5368,5.5886,208.652,2293.0405,2061.9397,10651.9521,0
113,113,50,7M,1,1_Bajo,PAREX,0,0,0,0,0,0,0,0,1,0,0,6915.6017,6915.6017,4.018785329420239,7469,0,717.4297,0.0,0.25852842764312145,0.25852842764312145,2032.0,0.5368,5.5886,208.652,2293.0405,2299.473,11513.5458,0
114,114,60,7M,1,1_Bajo,PAREX,0,0,0,0,0,0,0,0,1,0,0,7521.3475,7521.3475,4.3945348854140525,7469,0,717.4297,0.0,0.25852842764312145,0.25852842764312145,2032.0,0.5368,5.5886,208.652,2293.0405,2555.321,12375.1396,0
115,115,70,7M,1,1_Bajo,PAREX,0,0,0,0,0,0,0,0,1,0,0,8126.9306,8126.9306,4.770284441407865,7469,0,717.4297,0.0,0.25852842764312145,0.25852842764312145,2032.0,0.5368,5.5886,208.652,2293.0405,2811.3317,13236.7333,0
116,116,80,7M,1,1_Bajo,PAREX,0,0,0,0,0,0,0,0,1,0,0,8732.5136,8732.5136,5.146033997401679,7469,0,717.4297,0.0,0.25852842764312145,0.25852842764312145,2032.0,0.5368,5.5886,208.652,2293.0405,3067.3424,14098.327,0
117,117,90,7M,1,1_Bajo,PAREX,0,0,0,0,0,0,0,0,1,0,0,9338.0966,9338.0966,5.521783553395493,7469,0,717.4297,0.0,0.25852842764312145,0.25852842764312145,2032.0,0.5368,5.5886,208.652,2293.0405,3323.353,14959.9208,0
118,118,100,7M,1,1_Bajo,PAREX,0,0,0,0,0,0,0,0,1,0,0,9942.6571,9942.6571,5.897533109389307,7469,0,717.4297,0.0,0.25852842764312145,0.25852842764312145,2032.0,0.5368,5.5886,208.652,2293.0405,3580.3863,15821.5145,0
119,119,40,7M,1,1_Bajo,ECP,0,0,0,0,0,0,0,0,1,0,0,6291.5414,6291.5414,3.643035773426425,7469,0,717.4297,0.0,0.25852842764312145,0.25852842764312145,2032.0,0.5368,5.5886,208.652,2293.0405,2061.9397,10651.9521,0
120,120,50,7M,1,1_Bajo,ECP,0,0,0,0,0,0,0,0,1,0,0,6915.6017,6915.6017,4.018785329420239,7469,0,717.4297,0.0,0.25852842764312145,0.25852842764312145,2032.0,0.5368,5.5886,208.652,2293.0405,2299.473,11513.5458,0
121,121,60,7M,1,1_Bajo,ECP,0,0,0,0,0,0,0,0,1,0,0,7521.3475,7521.3475,4.3945348854140525,7469,0,717.4297,0.0,0.25852842764312145,0.25852842764312145,2032.0,0.5368,5.5886,208.652,2293.0405,2555.321,12375.1396,0
122,122,70,7M,1,1_Bajo,ECP,0,0,0,0,0,0,0,0,1,0,0,8126.9306,8126.9306,4.770284441407865,7469,0,717.4297,0.0,0.25852842764312145,0.25852842764312145,2032.0,0.5368,5.5886,208.652,2293.0405,2811.3317,13236.7333,0
123,123,80,7M,1,1_Bajo,ECP,0,0,0,0,0,0,0,0,1,0,0,8732.5136,8732.5136,5.146033997401679,7469,0,717.4297,0.0,0.25852842764312145,0.25852842764312145,2032.0,0.5368,5.5886,208.652,2293.0405,3067.3424,14098.327,0
124,124,90,7M,1,1_Bajo,ECP,0,0,0,0,0,0,0,0,1,0,0,9338.0966,9338.0966,5.521783553395493,7469,0,717.4297,0.0,0.25852842764312145,0.25852842764312145,2032.0,0.5368,5.5886,208.652,2293.0405,3323.353,14959.9208,0
125,125,100,7M,1,1_Bajo,ECP,0,0,0,0,0,0,0,0,1,0,0,9942.6571,9942.6571,5.897533109389307,7469,0,717.4297,0.0,0.25852842764312145,0.25852842764312145,2032.0,0.5368,5.5886,208.652,2293.0405,3580.3863,15821.5145,0
126,126,40,7M,1,1_Bajo,PAREX,0,0,0,0,0,0,0,0,0,1,0,-76.0382,-76.0382,0.0,2017,0,336.6716,0.0,0.031140776489082925,0.031140776489082925,2032.0,4.2972,25.7445,72.3805,542.7795,0,536.9864,0
127,127,50,7M,1,1_Bajo,PAREX,0,0,0,0,0,0,0,0,0,1,0,60.3925,60.3925,0.11122007744474396,2017,0,336.6716,0.0,0.031140776489082925,0.031140776489082925,2032.0,4.2972,25.7445,72.3805,542.7795,0,673.4172,0
128,128,60,7M,1,1_Bajo,PAREX,0,0,0,0,0,0,0,0,0,1,0,196.8233,196.8233,0.36247375857295683,2017,0,336.6716,0.0,0.031140776489082925,0.031140776489082925,2032.0,4.2972,25.7445,72.3805,542.7795,0,809.8479,0
129,129,70,7M,1,1_Bajo,PAREX,0,0,0,0,0,0,0,0,0,1,0,333.254,333.254,0.6137274397011697,2017,0,336.6716,0.0,0.031140776489082925,0.031140776489082925,2032.0,4.2972,25.7445,72.3805,542.7795,0,946.2787,0
130,130,80,7M,1,1_Bajo,PAREX,0,0,0,0,0,0,0,0,0,1,0,442.9322,442.9322,0.8649811208293827,2017,0,336.6716,0.0,0.031140776489082925,0.031140776489082925,2032.0,4.2972,25.7445,72.3805,542.7795,26.7525,1082.7094,0
131,131,90,7M,1,1_Bajo,PAREX,0,0,0,0,0,0,0,0,0,1,0,540.1016,540.1016,1.1162348019575952,2017,0,336.6716,0.0,0.031140776489082925,0.031140776489082925,2032.0,4.2972,25.7445,72.3805,542.7795,66.0139,1219.1402,0
132,132,100,7M,1,1_Bajo,PAREX,0,0,0,0,0,0,0,0,0,1,0,636.6862,636.6862,1.3674884830858083,2017,0,336.6716,0.0,0.031140776489082925,0.031140776489082925,2032.0,4.2972,25.7445,72.3805,542.7795,105.8601,1355.5709,0
133,133,40,7M,1,1_Bajo,ECP,0,0,0,0,0,0,0,0,0,1,0,-76.0382,-76.0382,0.0,2017,0,336.6716,0.0,0.031140776489082925,0.031140776489082925,2032.0,4.2972,25.7445,72.3805,542.7795,0,536.9864,0
134,134,50,7M,1,1_Bajo,ECP,0,0,0,0,0,0,0,0,0,1,0,60.3925,60.3925,0.11122007744474396,2017,0,336.6716,0.0,0.031140776489082925,0.031140776489082925,2032.0,4.2972,25.7445,72.3805,542.7795,0,673.4172,0
135,135,60,7M,1,1_Bajo,ECP,0,0,0,0,0,0,0,0,0,1,0,196.8233,196.8233,0.36247375857295683,2017,0,336.6716,0.0,0.031140776489082925,0.031140776489082925,2032.0,4.2972,25.7445,72.3805,542.7795,0,809.8479,0
136,136,70,7M,1,1_Bajo,ECP,0,0,0,0,0,0,0,0,0,1,0,333.254,333.254,0.6137274397011697,2017,0,336.6716,0.0,0.031140776489082925,0.031140776489082925,2032.0,4.2972,25.7445,72.3805,542.7795,0,946.2787,0
137,137,80,7M,1,1_Bajo,ECP,0,0,0,0,0,0,0,0,0,1,0,442.9322,442.9322,0.8649811208293827,2017,0,336.6716,0.0,0.031140776489082925,0.031140776489082925,2032.0,4.2972,25.7445,72.3805,542.7795,26.7525,1082.7094,0
138,138,90,7M,1,1_Bajo,ECP,0,0,0,0,0,0,0,0,0,1,0,540.1016,540.1016,1.1162348019575952,2017,0,336.6716,0.0,0.031140776489082925,0.031140776489082925,2032.0,4.2972,25.7445,72.3805,542.7795,66.0139,1219.1402,0
139,139,100,7M,1,1_Bajo,ECP,0,0,0,0,0,0,0,0,0,1,0,636.6862,636.6862,1.3674884830858083,2017,0,336.6716,0.0,0.031140776489082925,0.031140776489082925,2032.0,4.2972,25.7445,72.3805,542.7795,105.8601,1355.5709,0
140,140,40,7M,1,2_Medio,PAREX,1,0,0,0,0,0,0,0,0,0,0,5814.8544,5814.8544,0.6387823860715162,21012,0,4754.1082,0.0,0.49574424919469756,0.49574424919469756,2029.0,2.5255,13.446,1322.549,9106.4345,1.898,16337.0707,247.0849
141,141,50,7M,1,2_Medio,PAREX,1,0,0,0,0,0,0,0,0,0,0,8072.8954,8072.8954,0.9802761189769159,21012,0,4754.1082,0.0,0.49574424919469756,0.49574424919469756,2029.0,2.5255,13.446,1322.549,9106.4345,853.499,19446.7126,247.0849
142,142,60,7M,1,2_Medio,PAREX,1,0,0,0,0,0,0,0,0,0,0,10272.2815,10272.2815,1.3217698518823158,21012,0,4754.1082,0.0,0.49574424919469756,0.49574424919469756,2029.0,2.5255,13.446,1322.549,9106.4345,1763.7547,22556.3545,247.0849
143,143,70,7M,1,2_Medio,PAREX,1,0,0,0,0,0,0,0,0,0,0,12458.7781,12458.7781,1.6632635847877155,21012,0,4754.1082,0.0,0.49574424919469756,0.49574424919469756,2029.0,2.5255,13.446,1322.549,9106.4345,2686.9001,25665.9965,247.0849
144,144,80,7M,1,2_Medio,PAREX,1,0,0,0,0,0,0,0,0,0,0,14645.2746,14645.2746,2.004757317693116,21012,0,4754.1082,0.0,0.49574424919469756,0.49574424919469756,2029.0,2.5255,13.446,1322.549,9106.4345,3610.0455,28775.6384,247.0849
145,145,90,7M,1,2_Medio,PAREX,1,0,0,0,0,0,0,0,0,0,0,16831.7712,16831.7712,2.3462510505985157,21012,0,4754.1082,0.0,0.49574424919469756,0.49574424919469756,2029.0,2.5255,13.446,1322.549,9106.4345,4533.1909,31885.2803,247.0849
146,146,100,7M,1,2_Medio,PAREX,1,0,0,0,0,0,0,0,0,0,0,19018.2677,19018.2677,2.6877447835039154,21012,0,4754.1082,0.0,0.49574424919469756,0.49574424919469756,2029.0,2.5255,13.446,1322.549,9106.4345,5456.3362,34994.9223,247.0849
147,147,40,7M,1,2_Medio,ECP,1,0,0,0,0,0,0,0,0,0,0,6027.7242,6027.7242,0.7065334247449435,20177,0,4754.1082,0.0,0.49574424919469756,0.49574424919469756,2029.0,2.5255,12.9117,1322.549,8744.5521,150.9106,16337.0707,247.0849
148,148,50,7M,1,2_Medio,ECP,1,0,0,0,0,0,0,0,0,0,0,8255.1987,8255.1987,1.0621242688657633,20177,0,4754.1082,0.0,0.49574424919469756,0.49574424919469756,2029.0,2.5255,12.9117,1322.549,8744.5521,1033.078,19446.7126,247.0849
149,149,60,7M,1,2_Medio,ECP,1,0,0,0,0,0,0,0,0,0,0,10450.327,10450.327,1.4177151129865835,20177,0,4754.1082,0.0,0.49574424919469756,0.49574424919469756,2029.0,2.5255,12.9117,1322.549,8744.5521,1947.5916,22556.3545,247.0849
150,150,70,7M,1,2_Medio,ECP,1,0,0,0,0,0,0,0,0,0,0,12636.8236,12636.8236,1.7733059571074032,20177,0,4754.1082,0.0,0.49574424919469756,0.49574424919469756,2029.0,2.5255,12.9117,1322.549,8744.5521,2870.737,25665.9965,247.0849
151,151,80,7M,1,2_Medio,ECP,1,0,0,0,0,0,0,0,0,0,0,14823.3201,14823.3201,2.128896801228224,20177,0,4754.1082,0.0,0.49574424919469756,0.49574424919469756,2029.0,2.5255,12.9117,1322.549,8744.5521,3793.8824,28775.6384,247.0849
152,152,90,7M,1,2_Medio,ECP,1,0,0,0,0,0,0,0,0,0,0,17009.8167,17009.8167,2.484487645349044,20177,0,4754.1082,0.0,0.49574424919469756,0.49574424919469756,2029.0,2.5255,12.9117,1322.549,8744.5521,4717.0278,31885.2803,247.0849
153,153,100,7M,1,2_Medio,ECP,1,0,0,0,0,0,0,0,0,0,0,19196.3133,19196.3133,2.840078489469864,20177,0,4754.1082,0.0,0.49574424919469756,0.49574424919469756,2029.0,2.5255,12.9117,1322.549,8744.5521,5640.1731,34994.9223,247.0849
154,154,40,7M,1,2_Medio,PAREX,0,1,0,0,0,0,0,0,0,0,0,-3738.6376,-3738.6376,0.0,22512,0,2130.2628,0.0,0.12257985602339068,0.12257985602339068,2026.0,2.7914,36.3319,654.0781,8869.566,192.7512,6189.5575,328.87
155,155,50,7M,1,2_Medio,PAREX,0,1,0,0,0,0,0,0,0,0,0,-3246.3759,-3246.3759,0.0,22512,0,2130.2628,0.0,0.12257985602339068,0.12257985602339068,2026.0,2.7914,36.3319,654.0781,8869.566,212.7911,6701.8591,328.87
156,156,60,7M,1,2_Medio,PAREX,0,1,0,0,0,0,0,0,0,0,0,-2754.1142,-2754.1142,0.0,22512,0,2130.2628,0.0,0.12257985602339068,0.12257985602339068,2026.0,2.7914,36.3319,654.0781,8869.566,232.831,7214.1607,328.87
157,157,70,7M,1,2_Medio,PAREX,0,1,0,0,0,0,0,0,0,0,0,-2261.8525,-2261.8525,0.0,22512,0,2130.2628,0.0,0.12257985602339068,0.12257985602339068,2026.0,2.7914,36.3319,654.0781,8869.566,252.8709,7726.4623,328.87
158,158,80,7M,1,2_Medio,PAREX,0,1,0,0,0,0,0,0,0,0,0,-1769.5909,-1769.5909,0.0,22512,0,2130.2628,0.0,0.12257985602339068,0.12257985602339068,2026.0,2.7914,36.3319,654.0781,8869.566,272.9108,8238.7639,328.87
159,159,90,7M,1,2_Medio,PAREX,0,1,0,0,0,0,0,0,0,0,0,-1277.3292,-1277.3292,0.0,22512,0,2130.2628,0.0,0.12257985602339068,0.12257985602339068,2026.0,2.7914,36.3319,654.0781,8869.566,292.9507,8751.0654,328.87
160,160,100,7M,1,2_Medio,PAREX,0,1,0,0,0,0,0,0,0,0,0,-785.0675,-785.0675,0.0,22512,0,2130.2628,0.0,0.12257985602339068,0.12257985602339068,2026.0,2.7914,36.3319,654.0781,8869.566,312.9907,9263.367,328.87
161,161,40,7M,1,2_Medio,ECP,0,1,0,0,0,0,0,0,0,0,0,-2222.1593,-2222.1593,0.0,18663,0,2130.2628,0.0,0.12257985602339068,0.12257985602339068,2026.0,2.7914,30.1201,654.0781,7353.0877,192.7512,6189.5575,328.87
162,162,50,7M,1,2_Medio,ECP,0,1,0,0,0,0,0,0,0,0,0,-1729.8976,-1729.8976,0.0,18663,0,2130.2628,0.0,0.12257985602339068,0.12257985602339068,2026.0,2.7914,30.1201,654.0781,7353.0877,212.7911,6701.8591,328.87
163,163,60,7M,1,2_Medio,ECP,0,1,0,0,0,0,0,0,0,0,0,-1237.6359,-1237.6359,0.0,18663,0,2130.2628,0.0,0.12257985602339068,0.12257985602339068,2026.0,2.7914,30.1201,654.0781,7353.0877,232.831,7214.1607,328.87
164,164,70,7M,1,2_Medio,ECP,0,1,0,0,0,0,0,0,0,0,0,-745.3742,-745.3742,0.0,18663,0,2130.2628,0.0,0.12257985602339068,0.12257985602339068,2026.0,2.7914,30.1201,654.0781,7353.0877,252.8709,7726.4623,328.87
165,165,80,7M,1,2_Medio,ECP,0,1,0,0,0,0,0,0,0,0,0,-253.1125,-253.1125,0.002692547467080872,18663,0,2130.2628,0.0,0.12257985602339068,0.12257985602339068,2026.0,2.7914,30.1201,654.0781,7353.0877,272.9108,8238.7639,328.87
166,166,90,7M,1,2_Medio,ECP,0,1,0,0,0,0,0,0,0,0,0,239.1491,239.1491,0.07236500594626198,18663,0,2130.2628,0.0,0.12257985602339068,0.12257985602339068,2026.0,2.7914,30.1201,654.0781,7353.0877,292.9507,8751.0654,328.87
167,167,100,7M,1,2_Medio,ECP,0,1,0,0,0,0,0,0,0,0,0,731.4108,731.4108,0.1420374644254431,18663,0,2130.2628,0.0,0.12257985602339068,0.12257985602339068,2026.0,2.7914,30.1201,654.0781,7353.0877,312.9907,9263.367,328.87
168,168,40,7M,1,2_Medio,PAREX,0,0,1,0,0,0,0,0,0,0,0,3470.1182,3470.1182,0.94689724234605,21012,0,5947.1866,0.0,0.529109338757428,0.529109338757428,2030.0,3.9413,13.9249,1894.4504,6841.799,3008.5527,15493.2868,389.1977
169,169,50,7M,1,2_Medio,PAREX,0,0,1,0,0,0,0,0,0,0,0,6135.4515,6135.4515,1.4397211063016975,21012,0,5947.1866,0.0,0.529109338757428,0.529109338757428,2030.0,3.9413,13.9249,1894.4504,6841.799,3715.1203,18865.1877,389.1977
170,170,60,7M,1,2_Medio,PAREX,0,0,1,0,0,0,0,0,0,0,0,8800.7849,8800.7849,1.9325449702573454,21012,0,5947.1866,0.0,0.529109338757428,0.529109338757428,2030.0,3.9413,13.9249,1894.4504,6841.799,4421.6878,22237.0886,389.1977
171,171,70,7M,1,2_Medio,PAREX,0,0,1,0,0,0,0,0,0,0,0,11466.1182,11466.1182,2.425368834212994,21012,0,5947.1866,0.0,0.529109338757428,0.529109338757428,2030.0,3.9413,13.9249,1894.4504,6841.799,5128.2554,25608.9895,389.1977
172,172,80,7M,1,2_Medio,PAREX,0,0,1,0,0,0,0,0,0,0,0,14131.4515,14131.4515,2.918192698168642,21012,0,5947.1866,0.0,0.529109338757428,0.529109338757428,2030.0,3.9413,13.9249,1894.4504,6841.799,5834.8229,28980.8903,389.1977
173,173,90,7M,1,2_Medio,PAREX,0,0,1,0,0,0,0,0,0,0,0,16796.7848,16796.7848,3.4110165621242907,21012,0,5947.1866,0.0,0.529109338757428,0.529109338757428,2030.0,3.9413,13.9249,1894.4504,6841.799,6541.3905,32352.7912,389.1977
174,174,100,7M,1,2_Medio,PAREX,0,0,1,0,0,0,0,0,0,0,0,19462.1182,19462.1182,3.9038404260799386,21012,0,5947.1866,0.0,0.529109338757428,0.529109338757428,2030.0,3.9413,13.9249,1894.4504,6841.799,7247.958,35724.6921,389.1977
175,175,40,7M,1,2_Medio,ECP,0,0,1,0,0,0,0,0,0,0,0,4958.1737,4958.1737,1.4879952192834422,16442,0,5947.1866,0.0,0.529109338757428,0.529109338757428,2030.0,3.9413,10.8963,1894.4504,5353.7436,3008.5527,15493.2868,389.1977
176,176,50,7M,1,2_Medio,ECP,0,0,1,0,0,0,0,0,0,0,0,7623.507,7623.507,2.117786193729565,16442,0,5947.1866,0.0,0.529109338757428,0.529109338757428,2030.0,3.9413,10.8963,1894.4504,5353.7436,3715.1203,18865.1877,389.1977
177,177,60,7M,1,2_Medio,ECP,0,0,1,0,0,0,0,0,0,0,0,10288.8403,10288.8403,2.7475771681756878,16442,0,5947.1866,0.0,0.529109338757428,0.529109338757428,2030.0,3.9413,10.8963,1894.4504,5353.7436,4421.6878,22237.0886,389.1977
178,178,70,7M,1,2_Medio,ECP,0,0,1,0,0,0,0,0,0,0,0,12954.1737,12954.1737,3.3773681426218123,16442,0,5947.1866,0.0,0.529109338757428,0.529109338757428,2030.0,3.9413,10.8963,1894.4504,5353.7436,5128.2554,25608.9895,389.1977
179,179,80,7M,1,2_Medio,ECP,0,0,1,0,0,0,0,0,0,0,0,15619.507,15619.507,4.0071591170679355,16442,0,5947.1866,0.0,0.529109338757428,0.529109338757428,2030.0,3.9413,10.8963,1894.4504,5353.7436,5834.8229,28980.8903,389.1977
180,180,90,7M,1,2_Medio,ECP,0,0,1,0,0,0,0,0,0,0,0,18284.8403,18284.8403,4.636950091514059,16442,0,5947.1866,0.0,0.529109338757428,0.529109338757428,2030.0,3.9413,10.8963,1894.4504,5353.7436,6541.3905,32352.7912,389.1977
181,181,100,7M,1,2_Medio,ECP,0,0,1,0,0,0,0,0,0,0,0,20848.7365,20848.7365,5.266741065960183,16442,0,5947.1866,0.0,0.529109338757428,0.529109338757428,2030.0,3.9413,10.8963,1894.4504,5353.7436,7349.3952,35724.6921,389.1977
182,182,40,7M,1,2_Medio,PAREX,0,0,0,1,0,0,0,0,0,0,0,1245.9302,1245.9302,0.12438157226628019,21012,0,15134.2605,0.0,0.44542682395178773,0.44542682395178773,2031.0,4.3681,18.0641,1668.1133,10017.078,0,13219.5808,353.8161
183,183,50,7M,1,2_Medio,PAREX,0,0,0,1,0,0,0,0,0,0,0,4457.956,4457.956,0.4450390314075996,21012,0,15134.2605,0.0,0.44542682395178773,0.44542682395178773,2031.0,4.3681,18.0641,1668.1133,10017.078,0,16431.6066,353.8161
184,184,60,7M,1,2_Medio,PAREX,0,0,0,1,0,0,0,0,0,0,0,7075.6092,7075.6092,0.7702430076733808,21012,0,15134.2605,0.0,0.45023198304106404,0.45023198304106404,2032.0,4.7266,17.8713,1755.6471,10017.078,639.9151,19744.2088,321.651
185,185,70,7M,1,2_Medio,PAREX,0,0,0,1,0,0,0,0,0,0,0,9379.6857,9379.6857,1.092542250368145,21012,0,15134.2605,0.0,0.45023198304106404,0.45023198304106404,2032.0,4.7266,17.8713,1755.6471,10017.078,1564.31,22972.6803,321.651
186,186,80,7M,1,2_Medio,PAREX,0,0,0,1,0,0,0,0,0,0,0,11657.0559,11657.0559,1.4182688796377743,21012,0,15134.2605,0.0,0.45360514543372965,0.45360514543372965,2033.0,5.0971,17.7384,1835.9448,10017.078,2549.7435,26286.3272,292.41
187,187,90,7M,1,2_Medio,PAREX,0,0,0,1,0,0,0,0,0,0,0,13936.9304,13936.9304,1.7416158603261171,21012,0,15134.2605,0.0,0.45360514543372965,0.45360514543372965,2033.0,5.0971,17.7384,1835.9448,10017.078,3508.8357,29525.2939,292.41
188,188,100,7M,1,2_Medio,PAREX,0,0,0,1,0,0,0,0,0,0,0,16212.2894,16212.2894,2.0649628410144607,21012,0,15134.2605,0.0,0.45360514543372965,0.45360514543372965,2033.0,5.0971,17.7384,1835.9448,10017.078,4472.4434,32764.2606,292.41
189,189,40,7M,1,2_Medio,ECP,0,0,0,1,0,0,0,0,0,0,0,2317.1454,2317.1454,0.2590146913043541,18765,0,15134.2605,0.0,0.44542682395178773,0.44542682395178773,2031.0,4.3681,16.1323,1668.1133,8945.8627,0,13219.5808,353.8161
190,190,50,7M,1,2_Medio,ECP,0,0,0,1,0,0,0,0,0,0,0,5327.167,5327.167,0.6180607194978033,18765,0,15134.2605,0.0,0.44542682395178773,0.44542682395178773,2031.0,4.3681,16.1323,1668.1133,8945.8627,202.0042,16431.6066,353.8161
191,191,60,7M,1,2_Medio,ECP,0,0,0,1,0,0,0,0,0,0,0,7656.5493,7656.5493,0.9821975661616004,18765,0,15134.2605,0.0,0.45023198304106404,0.45023198304106404,2032.0,4.7266,15.9602,1755.6471,8945.8627,1130.1901,19744.2088,321.651
192,192,70,7M,1,2_Medio,ECP,0,0,0,1,0,0,0,0,0,0,0,9944.631,9944.631,1.3430819294606675,18765,0,15134.2605,0.0,0.45023198304106404,0.45023198304106404,2032.0,4.7266,15.9602,1755.6471,8945.8627,2070.5799,22972.6803,321.651
193,193,80,7M,1,2_Medio,ECP,0,0,0,1,0,0,0,0,0,0,0,12219.6449,12219.6449,1.7078040002625765,18765,0,15134.2605,0.0,0.45360514543372965,0.45360514543372965,2033.0,5.0971,15.8415,1835.9448,8945.8627,3058.3697,26286.3272,292.41
194,194,90,7M,1,2_Medio,ECP,0,0,0,1,0,0,0,0,0,0,0,14495.4538,14495.4538,2.0698615349769884,18765,0,15134.2605,0.0,0.45360514543372965,0.45360514543372965,2033.0,5.0971,15.8415,1835.9448,8945.8627,4021.5275,29525.2939,292.41
195,195,100,7M,1,2_Medio,ECP,0,0,0,1,0,0,0,0,0,0,0,16768.9865,16768.9865,2.4319190696914013,18765,0,15134.2605,0.0,0.45360514543372965,0.45360514543372965,2033.0,5.0971,15.8415,1835.9448,8945.8627,4986.9615,32764.2606,292.41
196,196,40,7M,1,2_Medio,PAREX,0,0,0,0,1,0,0,0,0,0,0,3102.8622,3102.8622,0.3407491967989894,21012,0,9402.0635,0.0,0.5007626698841877,0.5007626698841877,2031.0,4.9236,14.7132,2133.7651,9106.4345,0,14592.4905,353.8161
197,197,50,7M,1,2_Medio,PAREX,0,0,0,0,1,0,0,0,0,0,0,5901.3728,5901.3728,0.6895142902755107,21012,0,9402.0635,0.0,0.5007626698841877,0.5007626698841877,2031.0,4.9236,14.7132,2133.7651,9106.4345,377.3443,17768.3454,353.8161
198,198,60,7M,1,2_Medio,PAREX,0,0,0,0,1,0,0,0,0,0,0,8202.3037,8202.3037,1.044324262621156,21012,0,9402.0635,0.0,0.5085014988057627,0.5085014988057627,2032.0,5.3946,14.4893,2279.2824,9106.4345,1307.313,21111.7621,321.651
199,199,70,7M,1,2_Medio,PAREX,0,0,0,0,1,0,0,0,0,0,0,10479.1664,10479.1664,1.395879611612473,21012,0,9402.0635,0.0,0.5085014988057627,0.5085014988057627,2032.0,5.3946,14.4893,2279.2824,9106.4345,2231.7133,24313.0251,321.651
200,200,80,7M,1,2_Medio,PAREX,0,0,0,0,1,0,0,0,0,0,0,12730.6812,12730.6812,1.7515223639870126,21012,0,9402.0635,0.0,0.5139340609734747,0.5139340609734747,2033.0,5.8762,14.3361,2411.1988,9106.4345,3218.6815,27653.6504,292.41
201,201,90,7M,1,2_Medio,PAREX,0,0,0,0,1,0,0,0,0,0,0,14995.4881,14995.4881,2.104858371927118,21012,0,9402.0635,0.0,0.5139340609734747,0.5139340609734747,2033.0,5.8762,14.3361,2411.1988,9106.4345,4171.3523,30871.1281,292.41
202,202,100,7M,1,2_Medio,PAREX,0,0,0,0,1,0,0,0,0,0,0,17257.7483,17257.7483,2.458194379867224,21012,0,9402.0635,0.0,0.5139340609734747,0.5139340609734747,2033.0,5.8762,14.3361,2411.1988,9106.4345,5126.5697,34088.6058,292.41
203,203,40,7M,1,2_Medio,ECP,0,0,0,0,1,0,0,0,0,0,0,3645.9025,3645.9025,0.4257739658805985,19759,0,9402.0635,0.0,0.5007626698841877,0.5007626698841877,2031.0,4.9236,13.8358,2133.7651,8563.3942,0,14592.4905,353.8161
204,204,50,7M,1,2_Medio,ECP,0,0,0,0,1,0,0,0,0,0,0,6212.1583,6212.1583,0.7966550754446767,19759,0,9402.0635,0.0,0.5007626698841877,0.5007626698841877,2031.0,4.9236,13.8358,2133.7651,8563.3942,609.5991,17768.3454,353.8161
205,205,60,7M,1,2_Medio,ECP,0,0,0,0,1,0,0,0,0,0,0,8491.4711,8491.4711,1.173964383885579,19759,0,9402.0635,0.0,0.5085014988057627,0.5085014988057627,2032.0,5.3946,13.6252,2279.2824,8563.3942,1561.1859,21111.7621,321.651
206,206,70,7M,1,2_Medio,ECP,0,0,0,0,1,0,0,0,0,0,0,10762.6058,10762.6058,1.5478126856390453,19759,0,9402.0635,0.0,0.5085014988057627,0.5085014988057627,2032.0,5.3946,13.6252,2279.2824,8563.3942,2491.3143,24313.0251,321.651
207,207,80,7M,1,2_Medio,ECP,0,0,0,0,1,0,0,0,0,0,0,13013.7277,13013.7277,1.9260075826520733,19759,0,9402.0635,0.0,0.5139340609734747,0.5139340609734747,2033.0,5.8762,13.4812,2411.1988,8563.3942,3478.6752,27653.6504,292.41
208,208,90,7M,1,2_Medio,ECP,0,0,0,0,1,0,0,0,0,0,0,15278.4489,15278.4489,2.3017494591325827,19759,0,9402.0635,0.0,0.5139340609734747,0.5139340609734747,2033.0,5.8762,13.4812,2411.1988,8563.3942,4431.4317,30871.1281,292.41
209,209,100,7M,1,2_Medio,ECP,0,0,0,0,1,0,0,0,0,0,0,17538.6284,17538.6284,2.6774913356130923,19759,0,9402.0635,0.0,0.5139340609734747,0.5139340609734747,2033.0,5.8762,13.4812,2411.1988,8563.3942,5388.7299,34088.6058,292.41
210,210,40,7M,1,2_Medio,PAREX,1,0,0,0,0,1,0,0,0,0,0,6412.5463,6412.5463,0.7552329144550303,23599,0,5034.0314,0.0,0.5867429458115807,0.5867429458115807,2034.0,2.4229,11.3583,1553.0182,9872.2192,1043.113,18827.831,153.4203
211,211,50,7M,1,2_Medio,PAREX,1,0,0,0,0,1,0,0,0,0,0,8821.3689,8821.3689,1.086900854423762,23599,0,5034.0314,0.0,0.5867429458115807,0.5867429458115807,2034.0,2.4229,11.3583,1553.0182,9872.2192,1908.5163,22102.0569,153.4203
212,212,60,7M,1,2_Medio,PAREX,1,0,0,0,0,1,0,0,0,0,0,11188.8192,11188.8192,1.4185687943924943,23599,0,5034.0314,0.0,0.5867429458115807,0.5867429458115807,2034.0,2.4229,11.3583,1553.0182,9872.2192,2815.2919,25376.2828,153.4203
213,213,70,7M,1,2_Medio,PAREX,1,0,0,0,0,1,0,0,0,0,0,13491.6098,13491.6098,1.7502367343612257,23599,0,5034.0314,0.0,0.5867429458115807,0.5867429458115807,2034.0,2.4229,11.3583,1553.0182,9872.2192,3786.7273,28650.5087,153.4203
214,214,80,7M,1,2_Medio,PAREX,1,0,0,0,0,1,0,0,0,0,0,15787.5323,15787.5323,2.081904674329958,23599,0,5034.0314,0.0,0.5867429458115807,0.5867429458115807,2034.0,2.4229,11.3583,1553.0182,9872.2192,4765.0306,31924.7346,153.4203
215,215,90,7M,1,2_Medio,PAREX,1,0,0,0,0,1,0,0,0,0,0,18081.4336,18081.4336,2.413572614298691,23599,0,5034.0314,0.0,0.5867429458115807,0.5867429458115807,2034.0,2.4229,11.3583,1553.0182,9872.2192,5745.3553,35198.9606,153.4203
216,216,100,7M,1,2_Medio,PAREX,1,0,0,0,0,1,0,0,0,0,0,20374.6562,20374.6562,2.745240554267422,23599,0,5034.0314,0.0,0.5867429458115807,0.5867429458115807,2034.0,2.4229,11.3583,1553.0182,9872.2192,6726.3585,38473.1865,153.4203
217,217,40,7M,1,2_Medio,ECP,1,0,0,0,0,1,0,0,0,0,0,7095.8889,7095.8889,0.9659143877327712,21158,0,5034.0314,0.0,0.5867429458115807,0.5867429458115807,2034.0,2.4229,10.1835,1553.0182,8814.3091,1417.6805,18827.831,153.4203
218,218,50,7M,1,2_Medio,ECP,1,0,0,0,0,1,0,0,0,0,0,9484.4291,9484.4291,1.3373945219931882,21158,0,5034.0314,0.0,0.5867429458115807,0.5867429458115807,2034.0,2.4229,10.1835,1553.0182,8814.3091,2303.3662,22102.0569,153.4203
219,219,60,7M,1,2_Medio,ECP,1,0,0,0,0,1,0,0,0,0,0,11795.0922,11795.0922,1.7088746562536064,21158,0,5034.0314,0.0,0.5867429458115807,0.5867429458115807,2034.0,2.4229,10.1835,1553.0182,8814.3091,3266.9291,25376.2828,153.4203
220,220,70,7M,1,2_Medio,ECP,1,0,0,0,0,1,0,0,0,0,0,14090.0065,14090.0065,2.0803547905140243,21158,0,5034.0314,0.0,0.5867429458115807,0.5867429458115807,2034.0,2.4229,10.1835,1553.0182,8814.3091,4246.2407,28650.5087,153.4203
221,221,80,7M,1,2_Medio,ECP,1,0,0,0,0,1,0,0,0,0,0,16384.401,16384.401,2.451834924774442,21158,0,5034.0314,0.0,0.5867429458115807,0.5867429458115807,2034.0,2.4229,10.1835,1553.0182,8814.3091,5226.072,31924.7346,153.4203
222,222,90,7M,1,2_Medio,ECP,1,0,0,0,0,1,0,0,0,0,0,18676.8472,18676.8472,2.8233150590348606,21158,0,5034.0314,0.0,0.5867429458115807,0.5867429458115807,2034.0,2.4229,10.1835,1553.0182,8814.3091,6207.8517,35198.9606,153.4203
223,223,100,7M,1,2_Medio,ECP,1,0,0,0,0,1,0,0,0,0,0,20969.2934,20969.2934,3.1947951932952776,21158,0,5034.0314,0.0,0.5867429458115807,0.5867429458115807,2034.0,2.4229,10.1835,1553.0182,8814.3091,7189.6314,38473.1865,153.4203
224,224,40,7M,1,2_Medio,PAREX,0,1,0,0,0,0,1,0,0,0,0,2034.56,2034.56,0.2338139020881463,24529,0,3732.6834,0.0,0.485651546989033,0.485651546989033,2031.0,2.4322,15.9833,1149.7338,9526.3293,192.7512,12963.2029,204.2024
225,225,50,7M,1,2_Medio,PAREX,0,1,0,0,0,0,1,0,0,0,0,4243.5749,4243.5749,0.46781083731641904,24529,0,3732.6834,0.0,0.485651546989033,0.485651546989033,2031.0,2.4322,15.9833,1149.7338,9526.3293,212.7911,15192.2577,204.2024
226,226,60,7M,1,2_Medio,PAREX,0,1,0,0,0,0,1,0,0,0,0,6063.8738,6063.8738,0.7018077725446915,24529,0,3732.6834,0.0,0.485651546989033,0.485651546989033,2031.0,2.4322,15.9833,1149.7338,9526.3293,621.547,17421.3125,204.2024
227,227,70,7M,1,2_Medio,PAREX,0,1,0,0,0,0,1,0,0,0,0,7685.0701,7685.0701,0.9358047077729645,24529,0,3732.6834,0.0,0.485651546989033,0.485651546989033,2031.0,2.4322,15.9833,1149.7338,9526.3293,1229.4055,19650.3673,204.2024
228,228,80,7M,1,2_Medio,PAREX,0,1,0,0,0,0,1,0,0,0,0,9279.4221,9279.4221,1.169801643001237,24529,0,3732.6834,0.0,0.485651546989033,0.485651546989033,2031.0,2.4322,15.9833,1149.7338,9526.3293,1864.1083,21879.4222,204.2024
229,229,90,7M,1,2_Medio,PAREX,0,1,0,0,0,0,1,0,0,0,0,10873.7742,10873.7742,1.4037985782295097,24529,0,3732.6834,0.0,0.485651546989033,0.485651546989033,2031.0,2.4322,15.9833,1149.7338,9526.3293,2498.8111,24108.477,204.2024
230,230,100,7M,1,2_Medio,PAREX,0,1,0,0,0,0,1,0,0,0,0,12439.5493,12439.5493,1.637795513457782,24529,0,3732.6834,0.0,0.485651546989033,0.485651546989033,2031.0,2.4322,15.9833,1149.7338,9526.3293,3162.0907,26337.5318,204.2024
231,231,40,7M,1,2_Medio,ECP,0,1,0,0,0,0,1,0,0,0,0,3396.5931,3396.5931,0.43965511511675337,21072,0,3732.6834,0.0,0.485651546989033,0.485651546989033,2031.0,2.4322,13.7307,1149.7338,8164.2961,192.7512,12963.2029,204.2024
232,232,50,7M,1,2_Medio,ECP,0,1,0,0,0,0,1,0,0,0,0,5264.6989,5264.6989,0.7126897556097134,21072,0,3732.6834,0.0,0.485651546989033,0.485651546989033,2031.0,2.4322,13.7307,1149.7338,8164.2961,553.7002,15192.2577,204.2024
233,233,60,7M,1,2_Medio,ECP,0,1,0,0,0,0,1,0,0,0,0,6859.051,6859.051,0.9857243961026732,21072,0,3732.6834,0.0,0.485651546989033,0.485651546989033,2031.0,2.4322,13.7307,1149.7338,8164.2961,1188.403,17421.3125,204.2024
234,234,70,7M,1,2_Medio,ECP,0,1,0,0,0,0,1,0,0,0,0,8453.403,8453.403,1.2587590365956336,21072,0,3732.6834,0.0,0.485651546989033,0.485651546989033,2031.0,2.4322,13.7307,1149.7338,8164.2961,1823.1058,19650.3673,204.2024
235,235,80,7M,1,2_Medio,ECP,0,1,0,0,0,0,1,0,0,0,0,10047.755,10047.755,1.5317936770885932,21072,0,3732.6834,0.0,0.485651546989033,0.485651546989033,2031.0,2.4322,13.7307,1149.7338,8164.2961,2457.8086,21879.4222,204.2024
236,236,90,7M,1,2_Medio,ECP,0,1,0,0,0,0,1,0,0,0,0,11625.7457,11625.7457,1.8048283175815532,21072,0,3732.6834,0.0,0.485651546989033,0.485651546989033,2031.0,2.4322,13.7307,1149.7338,8164.2961,3108.8727,24108.477,204.2024
237,237,100,7M,1,2_Medio,ECP,0,1,0,0,0,0,1,0,0,0,0,13187.2399,13187.2399,2.077862958074513,21072,0,3732.6834,0.0,0.485651546989033,0.485651546989033,2031.0,2.4322,13.7307,1149.7338,8164.2961,3776.4333,26337.5318,204.2024
238,238,40,7M,1,2_Medio,PAREX,0,0,0,0,0,0,0,1,0,0,0,1470.4496,1470.4496,0.49597617543836914,10667,0,432.9312,0.0,0.12565674204874705,0.12565674204874705,2029.0,0.6027,16.7938,116.4642,3473.3234,252.0756,5213.7001,0
239,239,50,7M,1,2_Medio,PAREX,0,0,0,0,0,0,0,1,0,0,0,1880.9019,1880.9019,0.6202293121327181,10667,0,432.9312,0.0,0.12565674204874705,0.12565674204874705,2029.0,0.6027,16.7938,116.4642,3473.3234,273.1545,5645.2312,0
240,240,60,7M,1,2_Medio,PAREX,0,0,0,0,0,0,0,1,0,0,0,2291.3541,2291.3541,0.7444824488270673,10667,0,432.9312,0.0,0.12565674204874705,0.12565674204874705,2029.0,0.6027,16.7938,116.4642,3473.3234,294.2334,6076.7624,0
241,241,70,7M,1,2_Medio,PAREX,0,0,0,0,0,0,0,1,0,0,0,2701.8063,2701.8063,0.8687355855214164,10667,0,432.9312,0.0,0.12565674204874705,0.12565674204874705,2029.0,0.6027,16.7938,116.4642,3473.3234,315.3123,6508.2935,0
242,242,80,7M,1,2_Medio,PAREX,0,0,0,0,0,0,0,1,0,0,0,3112.2586,3112.2586,0.9929887222157657,10667,0,432.9312,0.0,0.12565674204874705,0.12565674204874705,2029.0,0.6027,16.7938,116.4642,3473.3234,336.3913,6939.8247,0
243,243,90,7M,1,2_Medio,PAREX,0,0,0,0,0,0,0,1,0,0,0,3522.7108,3522.7108,1.1172418589101147,10667,0,432.9312,0.0,0.12565674204874705,0.12565674204874705,2029.0,0.6027,16.7938,116.4642,3473.3234,357.4702,7371.3558,0
244,244,100,7M,1,2_Medio,PAREX,0,0,0,0,0,0,0,1,0,0,0,3933.163,3933.163,1.2414949956044634,10667,0,432.9312,0.0,0.12565674204874705,0.12565674204874705,2029.0,0.6027,16.7938,116.4642,3473.3234,378.5491,7802.8869,0
245,245,40,7M,1,2_Medio,ECP,0,0,0,0,0,0,0,1,0,0,0,1717.5906,1717.5906,0.6105598880696154,9908,0,432.9312,0.0,0.12565674204874705,0.12565674204874705,2029.0,0.6027,15.5989,116.4642,3226.1824,252.0756,5213.7001,0
246,246,50,7M,1,2_Medio,ECP,0,0,0,0,0,0,0,1,0,0,0,2128.0428,2128.0428,0.7443265166311387,9908,0,432.9312,0.0,0.12565674204874705,0.12565674204874705,2029.0,0.6027,15.5989,116.4642,3226.1824,273.1545,5645.2312,0
247,247,60,7M,1,2_Medio,ECP,0,0,0,0,0,0,0,1,0,0,0,2538.4951,2538.4951,0.8780931451926621,9908,0,432.9312,0.0,0.12565674204874705,0.12565674204874705,2029.0,0.6027,15.5989,116.4642,3226.1824,294.2334,6076.7624,0
248,248,70,7M,1,2_Medio,ECP,0,0,0,0,0,0,0,1,0,0,0,2948.9473,2948.9473,1.0118597737541855,9908,0,432.9312,0.0,0.12565674204874705,0.12565674204874705,2029.0,0.6027,15.5989,116.4642,3226.1824,315.3123,6508.2935,0
249,249,80,7M,1,2_Medio,ECP,0,0,0,0,0,0,0,1,0,0,0,3359.3995,3359.3995,1.145626402315709,9908,0,432.9312,0.0,0.12565674204874705,0.12565674204874705,2029.0,0.6027,15.5989,116.4642,3226.1824,336.3913,6939.8247,0
250,250,90,7M,1,2_Medio,ECP,0,0,0,0,0,0,0,1,0,0,0,3742.9618,3742.9618,1.279393030877232,9908,0,432.9312,0.0,0.12565674204874705,0.12565674204874705,2029.0,0.6027,15.5989,116.4642,3226.1824,384.3601,7371.3558,0
251,251,100,7M,1,2_Medio,ECP,0,0,0,0,0,0,0,1,0,0,0,4047.1474,4047.1474,1.4131596594387554,9908,0,432.9312,0.0,0.12565674204874705,0.12565674204874705,2029.0,0.6027,15.5989,116.4642,3226.1824,511.7056,7802.8869,0
252,252,40,7M,1,2_Medio,PAREX,0,0,0,0,0,0,0,0,1,0,0,8387.449,8387.449,4.932979417738078,7469,0,788.6895,0.0,0.3320237242917403,0.3320237242917403,2032.0,0.4532,4.2916,229.0442,2293.0405,2923.8728,13571.4989,0
253,253,50,7M,1,2_Medio,PAREX,0,0,0,0,0,0,0,0,1,0,0,9131.8988,9131.8988,5.396782205586658,7469,0,788.6895,0.0,0.3320237242917403,0.3320237242917403,2032.0,0.4532,4.2916,229.0442,2293.0405,3242.9228,14634.9986,0
254,254,60,7M,1,2_Medio,PAREX,0,0,0,0,0,0,0,0,1,0,0,9876.3487,9876.3487,5.860584993435234,7469,0,788.6895,0.0,0.3320237242917403,0.3320237242917403,2032.0,0.4532,4.2916,229.0442,2293.0405,3561.9727,15698.4984,0
255,255,70,7M,1,2_Medio,PAREX,0,0,0,0,0,0,0,0,1,0,0,10620.7986,10620.7986,6.324387781283815,7469,0,788.6895,0.0,0.3320237242917403,0.3320237242917403,2032.0,0.4532,4.2916,229.0442,2293.0405,3881.0226,16761.9982,0
256,256,80,7M,1,2_Medio,PAREX,0,0,0,0,0,0,0,0,1,0,0,11365.2484,11365.2484,6.788190569132394,7469,0,788.6895,0.0,0.3320237242917403,0.3320237242917403,2032.0,0.4532,4.2916,229.0442,2293.0405,4200.0726,17825.498,0
257,257,90,7M,1,2_Medio,PAREX,0,0,0,0,0,0,0,0,1,0,0,12109.6983,12109.6983,7.251993356980972,7469,0,788.6895,0.0,0.3320237242917403,0.3320237242917403,2032.0,0.4532,4.2916,229.0442,2293.0405,4519.1225,18888.9978,0
258,258,100,7M,1,2_Medio,PAREX,0,0,0,0,0,0,0,0,1,0,0,12854.1481,12854.1481,7.7157961448295485,7469,0,788.6895,0.0,0.3320237242917403,0.3320237242917403,2032.0,0.4532,4.2916,229.0442,2293.0405,4838.1724,19952.4976,0
259,259,40,7M,1,2_Medio,ECP,0,0,0,0,0,0,0,0,1,0,0,8387.449,8387.449,4.932979417738078,7469,0,788.6895,0.0,0.3320237242917403,0.3320237242917403,2032.0,0.4532,4.2916,229.0442,2293.0405,2923.8728,13571.4989,0
260,260,50,7M,1,2_Medio,ECP,0,0,0,0,0,0,0,0,1,0,0,9131.8988,9131.8988,5.396782205586658,7469,0,788.6895,0.0,0.3320237242917403,0.3320237242917403,2032.0,0.4532,4.2916,229.0442,2293.0405,3242.9228,14634.9986,0
261,261,60,7M,1,2_Medio,ECP,0,0,0,0,0,0,0,0,1,0,0,9876.3487,9876.3487,5.860584993435234,7469,0,788.6895,0.0,0.3320237242917403,0.3320237242917403,2032.0,0.4532,4.2916,229.0442,2293.0405,3561.9727,15698.4984,0
262,262,70,7M,1,2_Medio,ECP,0,0,0,0,0,0,0,0,1,0,0,10620.7986,10620.7986,6.324387781283815,7469,0,788.6895,0.0,0.3320237242917403,0.3320237242917403,2032.0,0.4532,4.2916,229.0442,2293.0405,3881.0226,16761.9982,0
263,263,80,7M,1,2_Medio,ECP,0,0,0,0,0,0,0,0,1,0,0,11365.2484,11365.2484,6.788190569132394,7469,0,788.6895,0.0,0.3320237242917403,0.3320237242917403,2032.0,0.4532,4.2916,229.0442,2293.0405,4200.0726,17825.498,0
264,264,90,7M,1,2_Medio,ECP,0,0,0,0,0,0,0,0,1,0,0,12109.6983,12109.6983,7.251993356980972,7469,0,788.6895,0.0,0.3320237242917403,0.3320237242917403,2032.0,0.4532,4.2916,229.0442,2293.0405,4519.1225,18888.9978,0
265,265,100,7M,1,2_Medio,ECP,0,0,0,0,0,0,0,0,1,0,0,12854.1481,12854.1481,7.7157961448295485,7469,0,788.6895,0.0,0.3320237242917403,0.3320237242917403,2032.0,0.4532,4.2916,229.0442,2293.0405,4838.1724,19952.4976,0
266,266,40,7M,1,2_Medio,PAREX,0,0,0,0,0,0,0,0,0,1,0,660.124,660.124,1.433849913368412,2017,0,513.1961,0.0,0.08333702251297444,0.08333702251297444,2032.0,2.4477,9.62,111.0327,542.7795,118.4565,1426.7192,0
267,267,50,7M,1,2_Medio,PAREX,0,0,0,0,0,0,0,0,0,1,0,914.1001,914.1001,2.1014058090213656,2017,0,513.1961,0.0,0.08333702251297444,0.08333702251297444,2032.0,2.4477,9.62,111.0327,542.7795,226.9632,1789.202,0
268,268,60,7M,1,2_Medio,PAREX,0,0,0,0,0,0,0,0,0,1,0,1167.8381,1167.8381,2.768961704674318,2017,0,513.1961,0.0,0.08333702251297444,0.08333702251297444,2032.0,2.4477,9.62,111.0327,542.7795,335.7081,2151.6849,0
269,269,70,7M,1,2_Medio,PAREX,0,0,0,0,0,0,0,0,0,1,0,1421.5761,1421.5761,3.4365176003272717,2017,0,513.1961,0.0,0.08333702251297444,0.08333702251297444,2032.0,2.4477,9.62,111.0327,542.7795,444.453,2514.1677,0
270,270,80,7M,1,2_Medio,PAREX,0,0,0,0,0,0,0,0,0,1,0,1675.3141,1675.3141,4.104073495980225,2017,0,513.1961,0.0,0.08333702251297444,0.08333702251297444,2032.0,2.4477,9.62,111.0327,542.7795,553.1978,2876.6506,0
271,271,90,7M,1,2_Medio,PAREX,0,0,0,0,0,0,0,0,0,1,0,1929.0521,1929.0521,4.771629391633178,2017,0,513.1961,0.0,0.08333702251297444,0.08333702251297444,2032.0,2.4477,9.62,111.0327,542.7795,661.9427,3239.1334,0
272,272,100,7M,1,2_Medio,PAREX,0,0,0,0,0,0,0,0,0,1,0,2182.7901,2182.7901,5.439185287286132,2017,0,513.1961,0.0,0.08333702251297444,0.08333702251297444,2032.0,2.4477,9.62,111.0327,542.7795,770.6875,3601.6163,0
273,273,40,7M,1,2_Medio,ECP,0,0,0,0,0,0,0,0,0,1,0,660.124,660.124,1.433849913368412,2017,0,513.1961,0.0,0.08333702251297444,0.08333702251297444,2032.0,2.4477,9.62,111.0327,542.7795,118.4565,1426.7192,0
274,274,50,7M,1,2_Medio,ECP,0,0,0,0,0,0,0,0,0,1,0,914.1001,914.1001,2.1014058090213656,2017,0,513.1961,0.0,0.08333702251297444,0.08333702251297444,2032.0,2.4477,9.62,111.0327,542.7795,226.9632,1789.202,0
275,275,60,7M,1,2_Medio,ECP,0,0,0,0,0,0,0,0,0,1,0,1167.8381,1167.8381,2.768961704674318,2017,0,513.1961,0.0,0.08333702251297444,0.08333702251297444,2032.0,2.4477,9.62,111.0327,542.7795,335.7081,2151.6849,0
276,276,70,7M,1,2_Medio,ECP,0,0,0,0,0,0,0,0,0,1,0,1421.5761,1421.5761,3.4365176003272717,2017,0,513.1961,0.0,0.08333702251297444,0.08333702251297444,2032.0,2.4477,9.62,111.0327,542.7795,444.453,2514.1677,0
277,277,80,7M,1,2_Medio,ECP,0,0,0,0,0,0,0,0,0,1,0,1675.3141,1675.3141,4.104073495980225,2017,0,513.1961,0.0,0.08333702251297444,0.08333702251297444,2032.0,2.4477,9.62,111.0327,542.7795,553.1978,2876.6506,0
278,278,90,7M,1,2_Medio,ECP,0,0,0,0,0,0,0,0,0,1,0,1929.0521,1929.0521,4.771629391633178,2017,0,513.1961,0.0,0.08333702251297444,0.08333702251297444,2032.0,2.4477,9.62,111.0327,542.7795,661.9427,3239.1334,0
279,279,100,7M,1,2_Medio,ECP,0,0,0,0,0,0,0,0,0,1,0,2182.7901,2182.7901,5.439185287286132,2017,0,513.1961,0.0,0.08333702251297444,0.08333702251297444,2032.0,2.4477,9.62,111.0327,542.7795,770.6875,3601.6163,0
280,280,40,7M,1,3_Alto,PAREX,1,0,0,0,0,0,0,0,0,0,0,11452.2668,11452.2668,1.5390122729246571,21012,0,6010.8874,0.0,0.7906417848376706,0.7906417848376706,2030.0,2.4118,8.4308,1877.4154,9106.4345,2561.9789,24984.5273,224.6227
281,281,50,7M,1,3_Alto,PAREX,1,0,0,0,0,0,0,0,0,0,0,14799.8202,14799.8202,2.0612637613492817,21012,0,6010.8874,0.0,0.7906417848376706,0.7906417848376706,2030.0,2.4118,8.4308,1877.4154,9106.4345,3970.0476,29740.1493,224.6227
282,282,60,7M,1,3_Alto,PAREX,1,0,0,0,0,0,0,0,0,0,0,18147.3736,18147.3736,2.5835152497739067,21012,0,6010.8874,0.0,0.7906417848376706,0.7906417848376706,2030.0,2.4118,8.4308,1877.4154,9106.4345,5378.1162,34495.7714,224.6227
283,283,70,7M,1,3_Alto,PAREX,1,0,0,0,0,0,0,0,0,0,0,21494.927,21494.927,3.1057667381985317,21012,0,6010.8874,0.0,0.7906417848376706,0.7906417848376706,2030.0,2.4118,8.4308,1877.4154,9106.4345,6786.1849,39251.3934,224.6227
284,284,80,7M,1,3_Alto,PAREX,1,0,0,0,0,0,0,0,0,0,0,24842.4805,24842.4805,3.6280182266231558,21012,0,6010.8874,0.0,0.7906417848376706,0.7906417848376706,2030.0,2.4118,8.4308,1877.4154,9106.4345,8194.2535,44007.0155,224.6227
285,285,90,7M,1,3_Alto,PAREX,1,0,0,0,0,0,0,0,0,0,0,28190.0339,28190.0339,4.150269715047782,21012,0,6010.8874,0.0,0.7906417848376706,0.7906417848376706,2030.0,2.4118,8.4308,1877.4154,9106.4345,9602.3222,48762.6375,224.6227
286,286,100,7M,1,3_Alto,PAREX,1,0,0,0,0,0,0,0,0,0,0,31537.5873,31537.5873,4.672521203472405,21012,0,6010.8874,0.0,0.7906417848376706,0.7906417848376706,2030.0,2.4118,8.4308,1877.4154,9106.4345,11010.3908,53518.2596,224.6227
287,287,40,7M,1,3_Alto,ECP,1,0,0,0,0,0,0,0,0,0,0,11704.5117,11704.5117,1.6834779014191492,19880,0,6010.8874,0.0,0.7906417848376706,0.7906417848376706,2030.0,2.4118,7.9766,1877.4154,8615.8347,2800.3339,24984.5273,224.6227
288,288,50,7M,1,3_Alto,ECP,1,0,0,0,0,0,0,0,0,0,0,15052.0651,15052.0651,2.235430321752788,19880,0,6010.8874,0.0,0.7906417848376706,0.7906417848376706,2030.0,2.4118,7.9766,1877.4154,8615.8347,4208.4026,29740.1493,224.6227
289,289,60,7M,1,3_Alto,ECP,1,0,0,0,0,0,0,0,0,0,0,18399.6185,18399.6185,2.7873827420864266,19880,0,6010.8874,0.0,0.7906417848376706,0.7906417848376706,2030.0,2.4118,7.9766,1877.4154,8615.8347,5616.4712,34495.7714,224.6227
290,290,70,7M,1,3_Alto,ECP,1,0,0,0,0,0,0,0,0,0,0,21747.1719,21747.1719,3.3393351624200656,19880,0,6010.8874,0.0,0.7906417848376706,0.7906417848376706,2030.0,2.4118,7.9766,1877.4154,8615.8347,7024.5399,39251.3934,224.6227
291,291,80,7M,1,3_Alto,ECP,1,0,0,0,0,0,0,0,0,0,0,25094.7253,25094.7253,3.891287582753704,19880,0,6010.8874,0.0,0.7906417848376706,0.7906417848376706,2030.0,2.4118,7.9766,1877.4154,8615.8347,8432.6085,44007.0155,224.6227
292,292,90,7M,1,3_Alto,ECP,1,0,0,0,0,0,0,0,0,0,0,28442.2787,28442.2787,4.443240003087344,19880,0,6010.8874,0.0,0.7906417848376706,0.7906417848376706,2030.0,2.4118,7.9766,1877.4154,8615.8347,9840.6772,48762.6375,224.6227
293,293,100,7M,1,3_Alto,ECP,1,0,0,0,0,0,0,0,0,0,0,31789.8321,31789.8321,4.995192423420981,19880,0,6010.8874,0.0,0.7906417848376706,0.7906417848376706,2030.0,2.4118,7.9766,1877.4154,8615.8347,11248.7458,53518.2596,224.6227
294,294,40,7M,1,3_Alto,PAREX,0,1,0,0,0,0,0,0,0,0,0,-2360.3862,-2360.3862,0.0,22512,0,2175.565,0.0,0.15726198388746307,0.15726198388746307,2026.0,2.3282,29.5631,670.1813,8869.566,225.6063,7595.7392,328.87
295,295,50,7M,1,3_Alto,PAREX,0,1,0,0,0,0,0,0,0,0,0,-1692.9094,-1692.9094,0.0,22512,0,2175.565,0.0,0.15726198388746307,0.15726198388746307,2026.0,2.3282,29.5631,670.1813,8869.566,250.6791,8288.2888,328.87
296,296,60,7M,1,3_Alto,PAREX,0,1,0,0,0,0,0,0,0,0,0,-1025.4325,-1025.4325,0.0,22512,0,2175.565,0.0,0.15726198388746307,0.15726198388746307,2026.0,2.3282,29.5631,670.1813,8869.566,275.7519,8980.8383,328.87
297,297,70,7M,1,3_Alto,PAREX,0,1,0,0,0,0,0,0,0,0,0,-357.9557,-357.9557,0.0,22512,0,2175.565,0.0,0.15726198388746307,0.15726198388746307,2026.0,2.3282,29.5631,670.1813,8869.566,300.8246,9673.3879,328.87
298,298,80,7M,1,3_Alto,PAREX,0,1,0,0,0,0,0,0,0,0,0,345.4312,345.4312,0.0756852930134042,22512,0,2175.565,0.0,0.15966836835027587,0.15966836835027587,2027.0,2.8139,29.1176,789.3696,8869.566,325.8974,10489.4925,298.9728
299,299,90,7M,1,3_Alto,PAREX,0,1,0,0,0,0,0,0,0,0,0,1021.1627,1021.1627,0.1546936700152941,22512,0,2175.565,0.0,0.15966836835027587,0.15966836835027587,2027.0,2.8139,29.1176,789.3696,8869.566,350.9701,11190.2968,298.9728
300,300,100,7M,1,3_Alto,PAREX,0,1,0,0,0,0,0,0,0,0,0,1696.8943,1696.8943,0.23370204701718392,22512,0,2175.565,0.0,0.15966836835027587,0.15966836835027587,2027.0,2.8139,29.1176,789.3696,8869.566,376.0429,11891.1012,298.9728
301,301,40,7M,1,3_Alto,ECP,0,1,0,0,0,0,0,0,0,0,0,-1333.2469,-1333.2469,0.0,19905,0,2175.565,0.0,0.15726198388746307,0.15726198388746307,2026.0,2.3282,26.1396,670.1813,7842.4268,225.6063,7595.7392,328.87
302,302,50,7M,1,3_Alto,ECP,0,1,0,0,0,0,0,0,0,0,0,-665.7701,-665.7701,0.0,19905,0,2175.565,0.0,0.15726198388746307,0.15726198388746307,2026.0,2.3282,26.1396,670.1813,7842.4268,250.6791,8288.2888,328.87
303,303,60,7M,1,3_Alto,ECP,0,1,0,0,0,0,0,0,0,0,0,1.7067,1.7067,0.035381097076387376,19905,0,2175.565,0.0,0.15726198388746307,0.15726198388746307,2026.0,2.3282,26.1396,670.1813,7842.4268,275.7519,8980.8383,328.87
304,304,70,7M,1,3_Alto,ECP,0,1,0,0,0,0,0,0,0,0,0,669.1835,669.1835,0.1236939733446706,19905,0,2175.565,0.0,0.15726198388746307,0.15726198388746307,2026.0,2.3282,26.1396,670.1813,7842.4268,300.8246,9673.3879,328.87
305,305,80,7M,1,3_Alto,ECP,0,1,0,0,0,0,0,0,0,0,0,1372.5704,1372.5704,0.21658604857153924,19905,0,2175.565,0.0,0.15966836835027587,0.15966836835027587,2027.0,2.8139,25.7456,789.3696,7842.4268,325.8974,10489.4925,298.9728
306,306,90,7M,1,3_Alto,ECP,0,1,0,0,0,0,0,0,0,0,0,2048.302,2048.302,0.30595155533088175,19905,0,2175.565,0.0,0.15966836835027587,0.15966836835027587,2027.0,2.8139,25.7456,789.3696,7842.4268,350.9701,11190.2968,298.9728
307,307,100,7M,1,3_Alto,ECP,0,1,0,0,0,0,0,0,0,0,0,2724.0335,2724.0335,0.395317062090224,19905,0,2175.565,0.0,0.15966836835027587,0.15966836835027587,2027.0,2.8139,25.7456,789.3696,7842.4268,376.0429,11891.1012,298.9728
308,308,40,7M,1,3_Alto,PAREX,0,0,1,0,0,0,0,0,0,0,0,12683.1914,12683.1914,2.509913963315453,21012,0,8166.9271,0.0,0.9576034010446701,0.9576034010446701,2030.0,2.9905,7.694,2601.9152,6841.799,4489.6399,26813.9298,389.1977
309,309,50,7M,1,3_Alto,PAREX,0,0,1,0,0,0,0,0,0,0,0,17457.2775,17457.2775,3.362834627292209,21012,0,8166.9271,0.0,0.9576034010446701,0.9576034010446701,2030.0,2.9905,7.694,2601.9152,6841.799,5551.237,32649.613,389.1977
310,310,60,7M,1,3_Alto,PAREX,0,0,1,0,0,0,0,0,0,0,0,21629.503,21629.503,4.215755291268966,21012,0,8166.9271,0.0,0.9576034010446701,0.9576034010446701,2030.0,2.9905,7.694,2601.9152,6841.799,7214.6947,38485.2961,389.1977
311,311,70,7M,1,3_Alto,PAREX,0,0,1,0,0,0,0,0,0,0,0,25749.0474,25749.0474,5.068675955245723,21012,0,8166.9271,0.0,0.9576034010446701,0.9576034010446701,2030.0,2.9905,7.694,2601.9152,6841.799,8930.8335,44320.9793,389.1977
312,312,80,7M,1,3_Alto,PAREX,0,0,1,0,0,0,0,0,0,0,0,29868.5918,29868.5918,5.921596619222478,21012,0,8166.9271,0.0,0.9576034010446701,0.9576034010446701,2030.0,2.9905,7.694,2601.9152,6841.799,10646.9722,50156.6625,389.1977
313,313,90,7M,1,3_Alto,PAREX,0,0,1,0,0,0,0,0,0,0,0,33988.1362,33988.1362,6.774517283199237,21012,0,8166.9271,0.0,0.9576034010446701,0.9576034010446701,2030.0,2.9905,7.694,2601.9152,6841.799,12363.111,55992.3457,389.1977
314,314,100,7M,1,3_Alto,PAREX,0,0,1,0,0,0,0,0,0,0,0,38107.6806,38107.6806,7.627437947175991,21012,0,8166.9271,0.0,0.9576034010446701,0.9576034010446701,2030.0,2.9905,7.694,2601.9152,6841.799,14079.2498,61828.0289,389.1977
315,315,40,7M,1,3_Alto,ECP,0,0,1,0,0,0,0,0,0,0,0,13705.2934,13705.2934,3.1262772051569385,17873,0,8166.9271,0.0,0.9576034010446701,0.9576034010446701,2030.0,2.9905,6.5446,2601.9152,5819.697,4489.6399,26813.9298,389.1977
316,316,50,7M,1,3_Alto,ECP,0,0,1,0,0,0,0,0,0,0,0,18020.3996,18020.3996,4.128971910127551,17873,0,8166.9271,0.0,0.9576034010446701,0.9576034010446701,2030.0,2.9905,6.5446,2601.9152,5819.697,6010.2169,32649.613,389.1977
317,317,60,7M,1,3_Alto,ECP,0,0,1,0,0,0,0,0,0,0,0,22139.944,22139.944,5.131666615098165,17873,0,8166.9271,0.0,0.9576034010446701,0.9576034010446701,2030.0,2.9905,6.5446,2601.9152,5819.697,7726.3557,38485.2961,389.1977
318,318,70,7M,1,3_Alto,ECP,0,0,1,0,0,0,0,0,0,0,0,26259.4884,26259.4884,6.134361320068778,17873,0,8166.9271,0.0,0.9576034010446701,0.9576034010446701,2030.0,2.9905,6.5446,2601.9152,5819.697,9442.4945,44320.9793,389.1977
319,319,80,7M,1,3_Alto,ECP,0,0,1,0,0,0,0,0,0,0,0,30379.0328,30379.0328,7.13705602503939,17873,0,8166.9271,0.0,0.9576034010446701,0.9576034010446701,2030.0,2.9905,6.5446,2601.9152,5819.697,11158.6332,50156.6625,389.1977
320,320,90,7M,1,3_Alto,ECP,0,0,1,0,0,0,0,0,0,0,0,34498.5772,34498.5772,8.139750730010004,17873,0,8166.9271,0.0,0.9576034010446701,0.9576034010446701,2030.0,2.9905,6.5446,2601.9152,5819.697,12874.772,55992.3457,389.1977
321,321,100,7M,1,3_Alto,ECP,0,0,1,0,0,0,0,0,0,0,0,38618.1216,38618.1216,9.142445434980617,17873,0,8166.9271,0.0,0.9576034010446701,0.9576034010446701,2030.0,2.9905,6.5446,2601.9152,5819.697,14590.9108,61828.0289,389.1977
322,322,40,7M,1,3_Alto,PAREX,0,0,0,1,0,0,0,0,0,0,0,6987.4535,6987.4535,0.8726721066731471,21012,0,17461.2071,0.0,0.8874716681548341,0.8874716681548341,2040.0,4.7297,9.0665,2524.2795,10017.078,1754.103,21327.5246,150.0525
323,323,50,7M,1,3_Alto,PAREX,0,0,0,1,0,0,0,0,0,0,0,10626.8097,10626.8097,1.3919415055544158,21012,0,17461.2071,0.0,0.8951067250305781,0.8951067250305781,2041.0,4.9698,8.9891,2575.3693,10017.078,3316.2683,26566.2693,136.4114
324,324,60,7M,1,3_Alto,PAREX,0,0,0,1,0,0,0,0,0,0,0,14262.1161,14262.1161,1.9121058031332832,21012,0,17461.2071,0.0,0.9016546646218485,0.9016546646218485,2042.0,5.2218,8.9239,2623.4352,10017.078,4891.4477,31812.2441,124.0104
325,325,70,7M,1,3_Alto,PAREX,0,0,0,1,0,0,0,0,0,0,0,17899.8516,17899.8516,2.432798058902654,21012,0,17461.2071,0.0,0.9072702758694421,0.9072702758694421,2043.0,5.4865,8.8686,2668.7796,10017.078,6469.4866,37061.9521,112.7367
326,326,80,7M,1,3_Alto,PAREX,0,0,0,1,0,0,0,0,0,0,0,21550.2007,21550.2007,2.9527652076465656,21012,0,17461.2071,0.0,0.9072702758694421,0.9072702758694421,2043.0,5.4865,8.8686,2668.7796,10017.078,8027.6484,42270.463,112.7367
327,327,90,7M,1,3_Alto,PAREX,0,0,0,1,0,0,0,0,0,0,0,25193.0722,25193.0722,3.474280222942704,21012,0,17461.2071,0.0,0.912113509937512,0.912113509937512,2044.0,5.7656,8.8215,2711.7765,10017.078,9608.7928,47527.1196,102.4879
328,328,100,7M,1,3_Alto,PAREX,0,0,0,1,0,0,0,0,0,0,0,28837.1653,28837.1653,3.995787071788508,21012,0,17461.2071,0.0,0.9162438124292144,0.9162438124292144,2045.0,6.059,8.7818,2752.4559,10017.078,11188.6338,52782.3328,93.1708
329,329,40,7M,1,3_Alto,ECP,0,0,0,1,0,0,0,0,0,0,0,7726.081,7726.081,1.1280086314564925,18491,0,17461.2071,0.0,0.8874716681548341,0.8874716681548341,2040.0,4.7297,7.9787,2524.2795,8815.2384,2217.3151,21327.5246,150.0525
330,330,50,7M,1,3_Alto,ECP,0,0,0,1,0,0,0,0,0,0,0,11361.7002,11361.7002,1.718084816209036,18491,0,17461.2071,0.0,0.8951067250305781,0.8951067250305781,2041.0,4.9698,7.9106,2575.3693,8815.2384,3783.2175,26566.2693,136.4114
331,331,60,7M,1,3_Alto,ECP,0,0,0,1,0,0,0,0,0,0,0,14997.8849,14997.8849,2.309177926685215,18491,0,17461.2071,0.0,0.9016546646218485,0.9016546646218485,2042.0,5.2218,7.8532,2623.4352,8815.2384,5357.5185,31812.2441,124.0104
332,332,70,7M,1,3_Alto,ECP,0,0,0,1,0,0,0,0,0,0,0,18636.7286,18636.7286,2.9008709869281852,18491,0,17461.2071,0.0,0.9072702758694421,0.9072702758694421,2043.0,5.4865,7.8046,2668.7796,8815.2384,6934.4492,37061.9521,112.7367
333,333,80,7M,1,3_Alto,ECP,0,0,0,1,0,0,0,0,0,0,0,22286.3041,22286.3041,3.491740065653967,18491,0,17461.2071,0.0,0.9072702758694421,0.9072702758694421,2043.0,5.4865,7.8046,2668.7796,8815.2384,8493.3846,42270.463,112.7367
334,334,90,7M,1,3_Alto,ECP,0,0,0,1,0,0,0,0,0,0,0,25931.1893,25931.1893,4.084368075662069,18491,0,17461.2071,0.0,0.912113509937512,0.912113509937512,2044.0,5.7656,7.7631,2711.7765,8815.2384,10072.5152,47527.1196,102.4879
335,335,100,7M,1,3_Alto,ECP,0,0,0,1,0,0,0,0,0,0,0,29577.2329,29577.2329,4.676986805655082,18491,0,17461.2071,0.0,0.9162438124292144,0.9162438124292144,2045.0,6.059,7.7281,2752.4559,8815.2384,11650.4058,52782.3328,93.1708
336,336,40,7M,1,3_Alto,PAREX,0,0,0,0,1,0,0,0,0,0,0,9544.6187,9544.6187,1.3066286638880922,21012,0,13130.2222,0.0,0.934809381333977,0.934809381333977,2034.0,4.9252,7.8816,3527.9551,9106.4345,2353.5419,24622.2423,265.8272
337,337,50,7M,1,3_Alto,PAREX,0,0,0,0,1,0,0,0,0,0,0,13318.5322,13318.5322,1.8951079663200103,21012,0,13130.2222,0.0,0.934809381333977,0.934809381333977,2034.0,4.9252,7.8816,3527.9551,9106.4345,3938.3209,29980.9348,265.8272
338,338,60,7M,1,3_Alto,PAREX,0,0,0,0,1,0,0,0,0,0,0,17087.2918,17087.2918,2.4835872687519274,21012,0,13130.2222,0.0,0.934809381333977,0.934809381333977,2034.0,4.9252,7.8816,3527.9551,9106.4345,5528.2539,35339.6273,265.8272
339,339,70,7M,1,3_Alto,PAREX,0,0,0,0,1,0,0,0,0,0,0,20856.0514,20856.0514,3.0720665711838455,21012,0,13130.2222,0.0,0.934809381333977,0.934809381333977,2034.0,4.9252,7.8816,3527.9551,9106.4345,7118.1868,40698.3199,265.8272
340,340,80,7M,1,3_Alto,PAREX,0,0,0,0,1,0,0,0,0,0,0,24624.811,24624.811,3.6605458736157623,21012,0,13130.2222,0.0,0.934809381333977,0.934809381333977,2034.0,4.9252,7.8816,3527.9551,9106.4345,8708.1198,46057.0124,265.8272
341,341,90,7M,1,3_Alto,PAREX,0,0,0,0,1,0,0,0,0,0,0,28393.5706,28393.5706,4.249025176047681,21012,0,13130.2222,0.0,0.934809381333977,0.934809381333977,2034.0,4.9252,7.8816,3527.9551,9106.4345,10298.0527,51415.7049,265.8272
342,342,100,7M,1,3_Alto,PAREX,0,0,0,0,1,0,0,0,0,0,0,32162.3301,32162.3301,4.837504478479599,21012,0,13130.2222,0.0,0.934809381333977,0.934809381333977,2034.0,4.9252,7.8816,3527.9551,9106.4345,11887.9856,56774.3974,265.8272
343,343,40,7M,1,3_Alto,ECP,0,0,0,0,1,0,0,0,0,0,0,10200.1812,10200.1812,1.6433867641130688,18335,0,13130.2222,0.0,0.934809381333977,0.934809381333977,2034.0,4.9252,6.8775,3527.9551,7946.2439,2858.17,24622.2423,265.8272
344,344,50,7M,1,3_Alto,ECP,0,0,0,0,1,0,0,0,0,0,0,13968.9408,13968.9408,2.3177754537613255,18335,0,13130.2222,0.0,0.934809381333977,0.934809381333977,2034.0,4.9252,6.8775,3527.9551,7946.2439,4448.103,29980.9348,265.8272
345,345,60,7M,1,3_Alto,ECP,0,0,0,0,1,0,0,0,0,0,0,17737.7004,17737.7004,2.992164143409581,18335,0,13130.2222,0.0,0.934809381333977,0.934809381333977,2034.0,4.9252,6.8775,3527.9551,7946.2439,6038.0359,35339.6273,265.8272
346,346,70,7M,1,3_Alto,ECP,0,0,0,0,1,0,0,0,0,0,0,21506.4599,21506.4599,3.6665528330578376,18335,0,13130.2222,0.0,0.934809381333977,0.934809381333977,2034.0,4.9252,6.8775,3527.9551,7946.2439,7627.9689,40698.3199,265.8272
347,347,80,7M,1,3_Alto,ECP,0,0,0,0,1,0,0,0,0,0,0,25275.2195,25275.2195,4.340941522706093,18335,0,13130.2222,0.0,0.934809381333977,0.934809381333977,2034.0,4.9252,6.8775,3527.9551,7946.2439,9217.9018,46057.0124,265.8272
348,348,90,7M,1,3_Alto,ECP,0,0,0,0,1,0,0,0,0,0,0,29043.9791,29043.9791,5.015330212354349,18335,0,13130.2222,0.0,0.934809381333977,0.934809381333977,2034.0,4.9252,6.8775,3527.9551,7946.2439,10807.8348,51415.7049,265.8272
349,349,100,7M,1,3_Alto,ECP,0,0,0,0,1,0,0,0,0,0,0,32812.7387,32812.7387,5.689718902002606,18335,0,13130.2222,0.0,0.934809381333977,0.934809381333977,2034.0,4.9252,6.8775,3527.9551,7946.2439,12397.7677,56774.3974,265.8272
350,350,40,7M,1,3_Alto,PAREX,1,0,0,0,0,1,0,0,0,0,0,13309.5439,13309.5439,1.7337460050338358,23599,0,6360.6539,0.0,0.9395215338739719,0.9395215338739719,2034.0,1.9373,7.1878,1941.3843,9872.2192,3805.9967,28770.8829,153.4203
351,351,50,7M,1,3_Alto,PAREX,1,0,0,0,0,1,0,0,0,0,0,16846.2057,16846.2057,2.2450422211368997,23599,0,6360.6539,0.0,0.9395215338739719,0.9395215338739719,2034.0,1.9373,7.1878,1941.3843,9872.2192,5316.8512,33818.3992,153.4203
352,352,60,7M,1,3_Alto,PAREX,1,0,0,0,0,1,0,0,0,0,0,20382.8674,20382.8674,2.7563384372399637,23599,0,6360.6539,0.0,0.9395215338739719,0.9395215338739719,2034.0,1.9373,7.1878,1941.3843,9872.2192,6827.7056,38865.9154,153.4203
353,353,70,7M,1,3_Alto,PAREX,1,0,0,0,0,1,0,0,0,0,0,23918.1684,23918.1684,3.2676346533430283,23599,0,6360.6539,0.0,0.9395215338739719,0.9395215338739719,2034.0,1.9373,7.1878,1941.3843,9872.2192,8339.9209,43913.4317,153.4203
354,354,80,7M,1,3_Alto,PAREX,1,0,0,0,0,1,0,0,0,0,0,27453.1376,27453.1376,3.778930869446091,23599,0,6360.6539,0.0,0.9395215338739719,0.9395215338739719,2034.0,1.9373,7.1878,1941.3843,9872.2192,9852.4679,48960.9479,153.4203
355,355,90,7M,1,3_Alto,PAREX,1,0,0,0,0,1,0,0,0,0,0,30988.1068,30988.1068,4.290227085549157,23599,0,6360.6539,0.0,0.9395215338739719,0.9395215338739719,2034.0,1.9373,7.1878,1941.3843,9872.2192,11365.0149,54008.4642,153.4203
356,356,100,7M,1,3_Alto,PAREX,1,0,0,0,0,1,0,0,0,0,0,34523.0761,34523.0761,4.801523301652219,23599,0,6360.6539,0.0,0.9395215338739719,0.9395215338739719,2034.0,1.9373,7.1878,1941.3843,9872.2192,12877.562,59055.9804,153.4203
357,357,40,7M,1,3_Alto,ECP,1,0,0,0,0,1,0,0,0,0,0,12960.05,12960.05,1.5744021482786232,25009,0,6360.6539,0.0,0.9395215338739719,0.9395215338739719,2034.0,1.9373,7.6172,1941.3843,10483.302,3544.4077,28770.8829,153.4203
358,358,50,7M,1,3_Alto,ECP,1,0,0,0,0,1,0,0,0,0,0,16496.7118,16496.7118,2.0558975451468333,25009,0,6360.6539,0.0,0.9395215338739719,0.9395215338739719,2034.0,1.9373,7.6172,1941.3843,10483.302,5055.2622,33818.3992,153.4203
359,359,60,7M,1,3_Alto,ECP,1,0,0,0,0,1,0,0,0,0,0,20033.3736,20033.3736,2.5373929420150434,25009,0,6360.6539,0.0,0.9395215338739719,0.9395215338739719,2034.0,1.9373,7.6172,1941.3843,10483.302,6566.1167,38865.9154,153.4203
360,360,70,7M,1,3_Alto,ECP,1,0,0,0,0,1,0,0,0,0,0,23568.9454,23568.9454,3.018888338883254,25009,0,6360.6539,0.0,0.9395215338739719,0.9395215338739719,2034.0,1.9373,7.6172,1941.3843,10483.302,8078.061,43913.4317,153.4203
361,361,80,7M,1,3_Alto,ECP,1,0,0,0,0,1,0,0,0,0,0,27103.9147,27103.9147,3.500383735751463,25009,0,6360.6539,0.0,0.9395215338739719,0.9395215338739719,2034.0,1.9373,7.6172,1941.3843,10483.302,9590.608,48960.9479,153.4203
362,362,90,7M,1,3_Alto,ECP,1,0,0,0,0,1,0,0,0,0,0,30638.8839,30638.8839,3.981879132619675,25009,0,6360.6539,0.0,0.9395215338739719,0.9395215338739719,2034.0,1.9373,7.6172,1941.3843,10483.302,11103.1551,54008.4642,153.4203
363,363,100,7M,1,3_Alto,ECP,1,0,0,0,0,1,0,0,0,0,0,34173.8531,34173.8531,4.463374529487884,25009,0,6360.6539,0.0,0.9395215338739719,0.9395215338739719,2034.0,1.9373,7.6172,1941.3843,10483.302,12615.7021,59055.9804,153.4203
364,364,40,7M,1,3_Alto,PAREX,0,1,0,0,0,0,1,0,0,0,0,5558.2554,5558.2554,0.6353723988575702,24529,0,4048.9519,0.0,0.655808847113333,0.655808847113333,2031.0,2.0031,12.1348,1230.2054,9526.3293,494.302,16837.1604,204.2024
365,365,50,7M,1,3_Alto,PAREX,0,1,0,0,0,0,1,0,0,0,0,7735.4564,7735.4564,0.9530026756409803,24529,0,4048.9519,0.0,0.655808847113333,0.655808847113333,2031.0,2.0031,12.1348,1230.2054,9526.3293,1342.847,19862.9064,204.2024
366,366,60,7M,1,3_Alto,PAREX,0,1,0,0,0,0,1,0,0,0,0,9912.6575,9912.6575,1.2706329524243904,24529,0,4048.9519,0.0,0.655808847113333,0.655808847113333,2031.0,2.0031,12.1348,1230.2054,9526.3293,2191.392,22888.6524,204.2024
367,367,70,7M,1,3_Alto,PAREX,0,1,0,0,0,0,1,0,0,0,0,12042.6463,12042.6463,1.5882632292078007,24529,0,4048.9519,0.0,0.655808847113333,0.655808847113333,2031.0,2.0031,12.1348,1230.2054,9526.3293,3087.1493,25914.3984,204.2024
368,368,80,7M,1,3_Alto,PAREX,0,1,0,0,0,0,1,0,0,0,0,14160.8936,14160.8936,1.9058935059912112,24529,0,4048.9519,0.0,0.655808847113333,0.655808847113333,2031.0,2.0031,12.1348,1230.2054,9526.3293,3994.6479,28940.1444,204.2024
369,369,90,7M,1,3_Alto,PAREX,0,1,0,0,0,0,1,0,0,0,0,16279.141,16279.141,2.2235237827746213,24529,0,4048.9519,0.0,0.655808847113333,0.655808847113333,2031.0,2.0031,12.1348,1230.2054,9526.3293,4902.1466,31965.8905,204.2024
370,370,100,7M,1,3_Alto,PAREX,0,1,0,0,0,0,1,0,0,0,0,18397.3883,18397.3883,2.541154059558031,24529,0,4048.9519,0.0,0.655808847113333,0.655808847113333,2031.0,2.0031,12.1348,1230.2054,9526.3293,5809.6453,34991.6365,204.2024
371,371,40,7M,1,3_Alto,ECP,0,1,0,0,0,0,1,0,0,0,0,6137.7387,6137.7387,0.8278379859500707,21983,0,4048.9519,0.0,0.655808847113333,0.655808847113333,2031.0,2.0031,10.8753,1230.2054,8523.2236,917.9244,16837.1604,204.2024
372,372,50,7M,1,3_Alto,ECP,0,1,0,0,0,0,1,0,0,0,0,8314.9397,8314.9397,1.1828474915981717,21983,0,4048.9519,0.0,0.655808847113333,0.655808847113333,2031.0,2.0031,10.8753,1230.2054,8523.2236,1766.4694,19862.9064,204.2024
373,373,60,7M,1,3_Alto,ECP,0,1,0,0,0,0,1,0,0,0,0,10481.4414,10481.4414,1.5378569972462726,21983,0,4048.9519,0.0,0.655808847113333,0.655808847113333,2031.0,2.0031,10.8753,1230.2054,8523.2236,2625.7138,22888.6524,204.2024
374,374,70,7M,1,3_Alto,ECP,0,1,0,0,0,0,1,0,0,0,0,12599.6888,12599.6888,1.8928665028943739,21983,0,4048.9519,0.0,0.655808847113333,0.655808847113333,2031.0,2.0031,10.8753,1230.2054,8523.2236,3533.2125,25914.3984,204.2024
375,375,80,7M,1,3_Alto,ECP,0,1,0,0,0,0,1,0,0,0,0,14717.9361,14717.9361,2.247876008542475,21983,0,4048.9519,0.0,0.655808847113333,0.655808847113333,2031.0,2.0031,10.8753,1230.2054,8523.2236,4440.7111,28940.1444,204.2024
376,376,90,7M,1,3_Alto,ECP,0,1,0,0,0,0,1,0,0,0,0,16836.1834,16836.1834,2.602885514190576,21983,0,4048.9519,0.0,0.655808847113333,0.655808847113333,2031.0,2.0031,10.8753,1230.2054,8523.2236,5348.2098,31965.8905,204.2024
377,377,100,7M,1,3_Alto,ECP,0,1,0,0,0,0,1,0,0,0,0,18954.4308,18954.4308,2.957895019838677,21983,0,4048.9519,0.0,0.655808847113333,0.655808847113333,2031.0,2.0031,10.8753,1230.2054,8523.2236,6255.7085,34991.6365,204.2024
378,378,40,7M,1,3_Alto,PAREX,0,0,0,0,0,0,0,1,0,0,0,2639.0447,2639.0447,0.8421785862572662,10667,0,478.5294,0.0,0.16236434411438413,0.16236434411438413,2030.0,0.6087,13.5679,141.3615,3473.3234,285.8416,6422.798,0
379,379,50,7M,1,3_Alto,PAREX,0,0,0,0,0,0,0,1,0,0,0,3198.349,3198.349,1.0107951766266694,10667,0,478.5294,0.0,0.16236434411438413,0.16236434411438413,2030.0,0.6087,13.5679,141.3615,3473.3234,312.1427,7008.4034,0
380,380,60,7M,1,3_Alto,PAREX,0,0,0,0,0,0,0,1,0,0,0,3757.6533,3757.6533,1.1794117669960733,10667,0,478.5294,0.0,0.16236434411438413,0.16236434411438413,2030.0,0.6087,13.5679,141.3615,3473.3234,338.4438,7594.0088,0
381,381,70,7M,1,3_Alto,PAREX,0,0,0,0,0,0,0,1,0,0,0,4178.1698,4178.1698,1.348028357365477,10667,0,478.5294,0.0,0.16236434411438413,0.16236434411438413,2030.0,0.6087,13.5679,141.3615,3473.3234,503.5327,8179.6143,0
382,382,80,7M,1,3_Alto,PAREX,0,0,0,0,0,0,0,1,0,0,0,4589.612,4589.612,1.5166449477348802,10667,0,478.5294,0.0,0.16236434411438413,0.16236434411438413,2030.0,0.6087,13.5679,141.3615,3473.3234,677.6959,8765.2197,0
383,383,90,7M,1,3_Alto,PAREX,0,0,0,0,0,0,0,1,0,0,0,4999.9273,4999.9273,1.6852615381042841,10667,0,478.5294,0.0,0.16236434411438413,0.16236434411438413,2030.0,0.6087,13.5679,141.3615,3473.3234,852.9861,9350.8251,0
384,384,100,7M,1,3_Alto,PAREX,0,0,0,0,0,0,0,1,0,0,0,5410.2425,5410.2425,1.8538781284736876,10667,0,478.5294,0.0,0.16236434411438413,0.16236434411438413,2030.0,0.6087,13.5679,141.3615,3473.3234,1028.2762,9936.4305,0
385,385,40,7M,1,3_Alto,ECP,0,0,0,0,0,0,0,1,0,0,0,2644.5801,2644.5801,0.8449889464191009,10650,0,478.5294,0.0,0.16236434411438413,0.16236434411438413,2030.0,0.6087,13.5462,141.3615,3467.7879,285.8416,6422.798,0
386,386,50,7M,1,3_Alto,ECP,0,0,0,0,0,0,0,1,0,0,0,3203.8844,3203.8844,1.013848640292497,10650,0,478.5294,0.0,0.16236434411438413,0.16236434411438413,2030.0,0.6087,13.5462,141.3615,3467.7879,312.1427,7008.4034,0
387,387,60,7M,1,3_Alto,ECP,0,0,0,0,0,0,0,1,0,0,0,3763.1887,3763.1887,1.1827083341658935,10650,0,478.5294,0.0,0.16236434411438413,0.16236434411438413,2030.0,0.6087,13.5462,141.3615,3467.7879,338.4438,7594.0088,0
388,388,70,7M,1,3_Alto,ECP,0,0,0,0,0,0,0,1,0,0,0,4180.6612,4180.6612,1.35156802803929,10650,0,478.5294,0.0,0.16236434411438413,0.16236434411438413,2030.0,0.6087,13.5462,141.3615,3467.7879,506.5767,8179.6143,0
389,389,80,7M,1,3_Alto,ECP,0,0,0,0,0,0,0,1,0,0,0,4592.0526,4592.0526,1.5204277219126863,10650,0,478.5294,0.0,0.16236434411438413,0.16236434411438413,2030.0,0.6087,13.5462,141.3615,3467.7879,680.7908,8765.2197,0
390,390,90,7M,1,3_Alto,ECP,0,0,0,0,0,0,0,1,0,0,0,5002.3678,5002.3678,1.6892874157860827,10650,0,478.5294,0.0,0.16236434411438413,0.16236434411438413,2030.0,0.6087,13.5462,141.3615,3467.7879,856.0809,9350.8251,0
391,391,100,7M,1,3_Alto,ECP,0,0,0,0,0,0,0,1,0,0,0,5412.6831,5412.6831,1.858147109659479,10650,0,478.5294,0.0,0.16236434411438413,0.16236434411438413,2030.0,0.6087,13.5462,141.3615,3467.7879,1031.3711,9936.4305,0
392,392,40,7M,1,3_Alto,PAREX,0,0,0,0,0,0,0,0,1,0,0,11276.4715,11276.4715,6.745499016344423,7469,0,947.6891,0.0,0.4653171896387938,0.4653171896387938,2032.0,0.4079,3.2148,273.1343,2293.0405,4190.9577,17711.8491,0
393,393,50,7M,1,3_Alto,PAREX,0,0,0,0,0,0,0,0,1,0,0,12361.6799,12361.6799,7.421599162034012,7469,0,947.6891,0.0,0.4653171896387938,0.4653171896387938,2032.0,0.4079,3.2148,273.1343,2293.0405,4656.047,19262.1467,0
394,394,60,7M,1,3_Alto,PAREX,0,0,0,0,0,0,0,0,1,0,0,13446.8882,13446.8882,8.0976993077236,7469,0,947.6891,0.0,0.4653171896387938,0.4653171896387938,2032.0,0.4079,3.2148,273.1343,2293.0405,5121.1363,20812.4444,0
395,395,70,7M,1,3_Alto,PAREX,0,0,0,0,0,0,0,0,1,0,0,14532.0966,14532.0966,8.773799453413192,7469,0,947.6891,0.0,0.4653171896387938,0.4653171896387938,2032.0,0.4079,3.2148,273.1343,2293.0405,5586.2256,22362.742,0
396,396,80,7M,1,3_Alto,PAREX,0,0,0,0,0,0,0,0,1,0,0,15617.3049,15617.3049,9.449899599102782,7469,0,947.6891,0.0,0.4653171896387938,0.4653171896387938,2032.0,0.4079,3.2148,273.1343,2293.0405,6051.3149,23913.0396,0
397,397,90,7M,1,3_Alto,PAREX,0,0,0,0,0,0,0,0,1,0,0,16702.5132,16702.5132,10.12599974479237,7469,0,947.6891,0.0,0.4653171896387938,0.4653171896387938,2032.0,0.4079,3.2148,273.1343,2293.0405,6516.4042,25463.3373,0
398,398,100,7M,1,3_Alto,PAREX,0,0,0,0,0,0,0,0,1,0,0,17787.7216,17787.7216,10.80209989048196,7469,0,947.6891,0.0,0.4653171896387938,0.4653171896387938,2032.0,0.4079,3.2148,273.1343,2293.0405,6981.4935,27013.6349,0
399,399,40,7M,1,3_Alto,ECP,0,0,0,0,0,0,0,0,1,0,0,11276.4715,11276.4715,6.745499016344423,7469,0,947.6891,0.0,0.4653171896387938,0.4653171896387938,2032.0,0.4079,3.2148,273.1343,2293.0405,4190.9577,17711.8491,0
400,400,50,7M,1,3_Alto,ECP,0,0,0,0,0,0,0,0,1,0,0,12361.6799,12361.6799,7.421599162034012,7469,0,947.6891,0.0,0.4653171896387938,0.4653171896387938,2032.0,0.4079,3.2148,273.1343,2293.0405,4656.047,19262.1467,0
401,401,60,7M,1,3_Alto,ECP,0,0,0,0,0,0,0,0,1,0,0,13446.8882,13446.8882,8.0976993077236,7469,0,947.6891,0.0,0.4653171896387938,0.4653171896387938,2032.0,0.4079,3.2148,273.1343,2293.0405,5121.1363,20812.4444,0
402,402,70,7M,1,3_Alto,ECP,0,0,0,0,0,0,0,0,1,0,0,14532.0966,14532.0966,8.773799453413192,7469,0,947.6891,0.0,0.4653171896387938,0.4653171896387938,2032.0,0.4079,3.2148,273.1343,2293.0405,5586.2256,22362.742,0
403,403,80,7M,1,3_Alto,ECP,0,0,0,0,0,0,0,0,1,0,0,15617.3049,15617.3049,9.449899599102782,7469,0,947.6891,0.0,0.4653171896387938,0.4653171896387938,2032.0,0.4079,3.2148,273.1343,2293.0405,6051.3149,23913.0396,0
404,404,90,7M,1,3_Alto,ECP,0,0,0,0,0,0,0,0,1,0,0,16702.5132,16702.5132,10.12599974479237,7469,0,947.6891,0.0,0.4653171896387938,0.4653171896387938,2032.0,0.4079,3.2148,273.1343,2293.0405,6516.4042,25463.3373,0
405,405,100,7M,1,3_Alto,ECP,0,0,0,0,0,0,0,0,1,0,0,17787.7216,17787.7216,10.80209989048196,7469,0,947.6891,0.0,0.4653171896387938,0.4653171896387938,2032.0,0.4079,3.2148,273.1343,2293.0405,6981.4935,27013.6349,0
406,406,40,7M,1,3_Alto,PAREX,0,0,0,0,0,0,0,0,0,1,0,1431.2271,1431.2271,3.468529783229826,2017,0,689.4936,0.0,0.15122395594316193,0.15122395594316193,2032.0,1.8122,5.3014,149.5233,542.7795,452.1846,2565.5123,0
407,407,50,7M,1,3_Alto,PAREX,0,0,0,0,0,0,0,0,0,1,0,1887.4963,1887.4963,4.668922197452037,2017,0,689.4936,0.0,0.15122395594316193,0.15122395594316193,2032.0,1.8122,5.3014,149.5233,542.7795,647.7285,3217.3254,0
408,408,60,7M,1,3_Alto,PAREX,0,0,0,0,0,0,0,0,0,1,0,2343.7654,2343.7654,5.869314611674249,2017,0,689.4936,0.0,0.15122395594316193,0.15122395594316193,2032.0,1.8122,5.3014,149.5233,542.7795,843.2724,3869.1385,0
409,409,70,7M,1,3_Alto,PAREX,0,0,0,0,0,0,0,0,0,1,0,2800.0346,2800.0346,7.069707025896461,2017,0,689.4936,0.0,0.15122395594316193,0.15122395594316193,2032.0,1.8122,5.3014,149.5233,542.7795,1038.8163,4520.9515,0
410,410,80,7M,1,3_Alto,PAREX,0,0,0,0,0,0,0,0,0,1,0,3256.3037,3256.3037,8.270099440118672,2017,0,689.4936,0.0,0.15122395594316193,0.15122395594316193,2032.0,1.8122,5.3014,149.5233,542.7795,1234.3603,5172.7646,0
411,411,90,7M,1,3_Alto,PAREX,0,0,0,0,0,0,0,0,0,1,0,3712.5729,3712.5729,9.470491854340883,2017,0,689.4936,0.0,0.15122395594316193,0.15122395594316193,2032.0,1.8122,5.3014,149.5233,542.7795,1429.9042,5824.5777,0
412,412,100,7M,1,3_Alto,PAREX,0,0,0,0,0,0,0,0,0,1,0,4168.842,4168.842,10.670884268563093,2017,0,689.4936,0.0,0.15122395594316193,0.15122395594316193,2032.0,1.8122,5.3014,149.5233,542.7795,1625.4481,6476.3908,0
413,413,40,7M,1,3_Alto,ECP,0,0,0,0,0,0,0,0,0,1,0,1431.2271,1431.2271,3.468529783229826,2017,0,689.4936,0.0,0.15122395594316193,0.15122395594316193,2032.0,1.8122,5.3014,149.5233,542.7795,452.1846,2565.5123,0
414,414,50,7M,1,3_Alto,ECP,0,0,0,0,0,0,0,0,0,1,0,1887.4963,1887.4963,4.668922197452037,2017,0,689.4936,0.0,0.15122395594316193,0.15122395594316193,2032.0,1.8122,5.3014,149.5233,542.7795,647.7285,3217.3254,0
415,415,60,7M,1,3_Alto,ECP,0,0,0,0,0,0,0,0,0,1,0,2343.7654,2343.7654,5.869314611674249,2017,0,689.4936,0.0,0.15122395594316193,0.15122395594316193,2032.0,1.8122,5.3014,149.5233,542.7795,843.2724,3869.1385,0
416,416,70,7M,1,3_Alto,ECP,0,0,0,0,0,0,0,0,0,1,0,2800.0346,2800.0346,7.069707025896461,2017,0,689.4936,0.0,0.15122395594316193,0.15122395594316193,2032.0,1.8122,5.3014,149.5233,542.7795,1038.8163,4520.9515,0
417,417,80,7M,1,3_Alto,ECP,0,0,0,0,0,0,0,0,0,1,0,3256.3037,3256.3037,8.270099440118672,2017,0,689.4936,0.0,0.15122395594316193,0.15122395594316193,2032.0,1.8122,5.3014,149.5233,542.7795,1234.3603,5172.7646,0
418,418,90,7M,1,3_Alto,ECP,0,0,0,0,0,0,0,0,0,1,0,3712.5729,3712.5729,9.470491854340883,2017,0,689.4936,0.0,0.15122395594316193,0.15122395594316193,2032.0,1.8122,5.3014,149.5233,542.7795,1429.9042,5824.5777,0
419,419,100,7M,1,3_Alto,ECP,0,0,0,0,0,0,0,0,0,1,0,4168.842,4168.842,10.670884268563093,2017,0,689.4936,0.0,0.15122395594316193,0.15122395594316193,2032.0,1.8122,5.3014,149.5233,542.7795,1625.4481,6476.3908,0
